[{"model": "csyllabusapi.country", "pk": 6, "fields": {"name": "United States of America", "img": "", "created": "2017-10-30T15:20:51.049Z", "modified": "2017-10-30T15:20:52.235Z"}}, {"model": "csyllabusapi.city", "pk": 10, "fields": {"name": "Atlanta", "img": "", "created": "2017-10-30T15:20:51.049Z", "modified": "2017-10-30T15:20:52.235Z", "country": 6}}, {"model": "csyllabusapi.university", "pk": 7, "fields": {"name": "Georgia Institute of Technology", "img": "", "created": "2017-10-30T15:05:19.541Z", "modified": "2017-10-30T15:05:20.945Z", "country": 6, "city": 10}}, {"model": "csyllabusapi.program", "pk": 37, "fields": {"name": "Computer Science and Engineering", "study_level": "undergraduate", "created": "2017-10-30T15:07:40.122Z", "modified": "2017-10-30T15:07:41.673Z"}}, {"model": "csyllabusapi.programuniversity", "pk": 37, "fields": {"university": 7, "program": 37, "created": "2017-10-30T15:07:40.122Z"}}, {"model": "csyllabusapi.programcity", "pk": 37, "fields": {"city": 10, "program": 37, "created": "2017-10-30T15:07:40.122Z"}}, {"model": "csyllabusapi.programcountry", "pk": 37, "fields": {"country": 6, "program": 37, "created": "2017-10-30T15:07:40.122Z"}}, {"model": "csyllabusapi.courseprogram", "pk": 2424, "fields": {"course": 693, "program": 37, "created": "2017-10-30T15:07:40.122Z"}}, {"model": "csyllabusapi.courseuniversity", "pk": 2266, "fields": {"course": 693, "university": 7, "created": "2017-10-30T15:07:40.122Z"}}, {"model": "csyllabusapi.course", "pk": 693, "fields": {"name": "Freshman Leap Seminar", "description": "Small group discussions with first year students are led by one or more faculty members and include a variety of foundational, motivational, and topical subjects for computationalist.", "ects": "1", "semester": null, "created": "2017-10-30T15:07:40.122Z", "modified": "2017-10-30T15:07:41.673Z"}}, {"model": "csyllabusapi.courseprogram", "pk": 2425, "fields": {"course": 694, "program": 37, "created": "2017-10-30T15:07:40.122Z"}}, {"model": "csyllabusapi.courseuniversity", "pk": 2267, "fields": {"course": 694, "university": 7, "created": "2017-10-30T15:07:40.122Z"}}, {"model": "csyllabusapi.course", "pk": 694, "fields": {"name": "Introductory Computing in MATLAB", "description": "", "ects": "1", "semester": null, "created": "2017-10-30T15:07:40.122Z", "modified": "2017-10-30T15:07:41.673Z"}}, {"model": "csyllabusapi.courseprogram", "pk": 2426, "fields": {"course": 695, "program": 37, "created": "2017-10-30T15:07:40.122Z"}}, {"model": "csyllabusapi.courseuniversity", "pk": 2268, "fields": {"course": 695, "university": 7, "created": "2017-10-30T15:07:40.122Z"}}, {"model": "csyllabusapi.course", "pk": 695, "fields": {"name": "Introduction to Computing", "description": "For students with a solid introductory computing background needing to demonstrate proficiency in the MATLAB language.", "ects": "3", "semester": null, "created": "2017-10-30T15:07:40.122Z", "modified": "2017-10-30T15:07:41.673Z"}}, {"model": "csyllabusapi.courseprogram", "pk": 2427, "fields": {"course": 696, "program": 37, "created": "2017-10-30T15:07:40.122Z"}}, {"model": "csyllabusapi.courseuniversity", "pk": 2269, "fields": {"course": 696, "university": 7, "created": "2017-10-30T15:07:40.122Z"}}, {"model": "csyllabusapi.course", "pk": 696, "fields": {"name": "Introduction to Media Computation", "description": "", "ects": "3", "semester": null, "created": "2017-10-30T15:07:40.122Z", "modified": "2017-10-30T15:07:41.673Z"}}, {"model": "csyllabusapi.courseprogram", "pk": 2428, "fields": {"course": 697, "program": 37, "created": "2017-10-30T15:07:40.122Z"}}, {"model": "csyllabusapi.courseuniversity", "pk": 2270, "fields": {"course": 697, "university": 7, "created": "2017-10-30T15:07:40.122Z"}}, {"model": "csyllabusapi.course", "pk": 697, "fields": {"name": "Representing Structure and Behavior", "description": "Introduction to computing principles and programming practices with an emphasis on the design, construction and implementation of problem solutions use of software tools.", "ects": "3", "semester": null, "created": "2017-10-30T15:07:40.122Z", "modified": "2017-10-30T15:07:41.673Z"}}, {"model": "csyllabusapi.courseprogram", "pk": 2429, "fields": {"course": 698, "program": 37, "created": "2017-10-30T15:07:40.122Z"}}, {"model": "csyllabusapi.courseuniversity", "pk": 2271, "fields": {"course": 698, "university": 7, "created": "2017-10-30T15:07:40.122Z"}}, {"model": "csyllabusapi.course", "pk": 698, "fields": {"name": "Introduction to Object Oriented Programming", "description": "", "ects": "3", "semester": null, "created": "2017-10-30T15:07:40.122Z", "modified": "2017-10-30T15:07:41.673Z"}}, {"model": "csyllabusapi.courseprogram", "pk": 2430, "fields": {"course": 699, "program": 37, "created": "2017-10-30T15:07:40.122Z"}}, {"model": "csyllabusapi.courseuniversity", "pk": 2272, "fields": {"course": 699, "university": 7, "created": "2017-10-30T15:07:40.122Z"}}, {"model": "csyllabusapi.course", "pk": 699, "fields": {"name": "Data Structures and Algorithms for Applications", "description": "Introduction to computation (algorithmic thinking, data structures, data transformation and processing, and programming) in a media and communication context.", "ects": "3", "semester": null, "created": "2017-10-30T15:07:40.122Z", "modified": "2017-10-30T15:07:41.673Z"}}, {"model": "csyllabusapi.courseprogram", "pk": 2431, "fields": {"course": 700, "program": 37, "created": "2017-10-30T15:07:40.122Z"}}, {"model": "csyllabusapi.courseuniversity", "pk": 2273, "fields": {"course": 700, "university": 7, "created": "2017-10-30T15:07:40.122Z"}}, {"model": "csyllabusapi.course", "pk": 700, "fields": {"name": "Computing for Engineers", "description": "", "ects": "3", "semester": null, "created": "2017-10-30T15:07:40.122Z", "modified": "2017-10-30T15:07:41.673Z"}}, {"model": "csyllabusapi.courseprogram", "pk": 2432, "fields": {"course": 701, "program": 37, "created": "2017-10-30T15:07:40.122Z"}}, {"model": "csyllabusapi.courseuniversity", "pk": 2274, "fields": {"course": 701, "university": 7, "created": "2017-10-30T15:07:40.122Z"}}, {"model": "csyllabusapi.course", "pk": 701, "fields": {"name": "Structured Program Design for Engineers", "description": "Modeling the structure of media (e.g., music, graphical scenes) using dynamic data structures. Designing objects as encapsulations of structure and behavior. Algorithms for simulating objects. May not be taken for credit by students who have credit for CS 1322.", "ects": "3", "semester": null, "created": "2017-10-30T15:07:40.122Z", "modified": "2017-10-30T15:07:41.673Z"}}, {"model": "csyllabusapi.courseprogram", "pk": 2433, "fields": {"course": 702, "program": 37, "created": "2017-10-30T15:07:40.122Z"}}, {"model": "csyllabusapi.courseuniversity", "pk": 2275, "fields": {"course": 702, "university": 7, "created": "2017-10-30T15:07:40.122Z"}}, {"model": "csyllabusapi.course", "pk": 702, "fields": {"name": "Special Topics", "description": "", "ects": "1", "semester": null, "created": "2017-10-30T15:07:40.122Z", "modified": "2017-10-30T15:07:41.673Z"}}, {"model": "csyllabusapi.courseprogram", "pk": 2434, "fields": {"course": 703, "program": 37, "created": "2017-10-30T15:07:40.122Z"}}, {"model": "csyllabusapi.courseuniversity", "pk": 2276, "fields": {"course": 703, "university": 7, "created": "2017-10-30T15:07:40.122Z"}}, {"model": "csyllabusapi.course", "pk": 703, "fields": {"name": "Special Topics", "description": "Introduction to techniques and methods of object-oriented programming such an encapsulation, inheritance, and polymorphism. Emphasis on software development and individual programming skills.", "ects": "2", "semester": null, "created": "2017-10-30T15:07:40.122Z", "modified": "2017-10-30T15:07:41.673Z"}}, {"model": "csyllabusapi.courseprogram", "pk": 2435, "fields": {"course": 704, "program": 37, "created": "2017-10-30T15:07:40.122Z"}}, {"model": "csyllabusapi.courseuniversity", "pk": 2277, "fields": {"course": 704, "university": 7, "created": "2017-10-30T15:07:40.122Z"}}, {"model": "csyllabusapi.course", "pk": 704, "fields": {"name": "Special Topics", "description": "", "ects": "3", "semester": null, "created": "2017-10-30T15:07:40.122Z", "modified": "2017-10-30T15:07:41.673Z"}}, {"model": "csyllabusapi.courseprogram", "pk": 2436, "fields": {"course": 705, "program": 37, "created": "2017-10-30T15:07:40.122Z"}}, {"model": "csyllabusapi.courseuniversity", "pk": 2278, "fields": {"course": 705, "university": 7, "created": "2017-10-30T15:07:40.122Z"}}, {"model": "csyllabusapi.course", "pk": 705, "fields": {"name": "Special Topics", "description": "Computer data structures and algorithms in the context of object-oriented programming. Focus on software development towards applications.", "ects": "4", "semester": null, "created": "2017-10-30T15:07:40.122Z", "modified": "2017-10-30T15:07:41.673Z"}}, {"model": "csyllabusapi.courseprogram", "pk": 2437, "fields": {"course": 706, "program": 37, "created": "2017-10-30T15:07:40.122Z"}}, {"model": "csyllabusapi.courseuniversity", "pk": 2279, "fields": {"course": 706, "university": 7, "created": "2017-10-30T15:07:40.122Z"}}, {"model": "csyllabusapi.course", "pk": 706, "fields": {"name": "Special Topics", "description": "", "ects": "5", "semester": null, "created": "2017-10-30T15:07:40.122Z", "modified": "2017-10-30T15:07:41.673Z"}}, {"model": "csyllabusapi.courseprogram", "pk": 2438, "fields": {"course": 707, "program": 37, "created": "2017-10-30T15:07:40.122Z"}}, {"model": "csyllabusapi.courseuniversity", "pk": 2280, "fields": {"course": 707, "university": 7, "created": "2017-10-30T15:07:40.122Z"}}, {"model": "csyllabusapi.course", "pk": 707, "fields": {"name": "Computer Sci Elective", "description": "Foundations of computing with an introduction to design and analysis of algorithms and an introduction to design and construction of programs for engineering problem-solving.", "ects": "1-21", "semester": null, "created": "2017-10-30T15:07:40.122Z", "modified": "2017-10-30T15:07:41.673Z"}}, {"model": "csyllabusapi.courseprogram", "pk": 2439, "fields": {"course": 708, "program": 37, "created": "2017-10-30T15:07:40.122Z"}}, {"model": "csyllabusapi.courseuniversity", "pk": 2281, "fields": {"course": 708, "university": 7, "created": "2017-10-30T15:07:40.122Z"}}, {"model": "csyllabusapi.course", "pk": 708, "fields": {"name": "Introduction to Discrete Mathematics for Computer Science", "description": "", "ects": "3", "semester": null, "created": "2017-10-30T15:07:40.122Z", "modified": "2017-10-30T15:07:41.673Z"}}, {"model": "csyllabusapi.courseprogram", "pk": 2440, "fields": {"course": 709, "program": 37, "created": "2017-10-30T15:07:40.122Z"}}, {"model": "csyllabusapi.courseuniversity", "pk": 2282, "fields": {"course": 709, "university": 7, "created": "2017-10-30T15:07:40.122Z"}}, {"model": "csyllabusapi.course", "pk": 709, "fields": {"name": "Honors - Induction to Discrete Mathematics for Computer Science", "description": "Design, analysis and implementation of programs for engineering problem-solving using ANSI Standard C, with an introduction to C++.", "ects": "3", "semester": null, "created": "2017-10-30T15:07:40.122Z", "modified": "2017-10-30T15:07:41.673Z"}}, {"model": "csyllabusapi.courseprogram", "pk": 2441, "fields": {"course": 710, "program": 37, "created": "2017-10-30T15:07:40.122Z"}}, {"model": "csyllabusapi.courseuniversity", "pk": 2283, "fields": {"course": 710, "university": 7, "created": "2017-10-30T15:07:40.122Z"}}, {"model": "csyllabusapi.course", "pk": 710, "fields": {"name": "Computer Organization and Programming", "description": "", "ects": "4", "semester": null, "created": "2017-10-30T15:07:40.122Z", "modified": "2017-10-30T15:07:41.673Z"}}, {"model": "csyllabusapi.courseprogram", "pk": 2442, "fields": {"course": 711, "program": 37, "created": "2017-10-30T15:07:40.122Z"}}, {"model": "csyllabusapi.courseuniversity", "pk": 2284, "fields": {"course": 711, "university": 7, "created": "2017-10-30T15:07:40.122Z"}}, {"model": "csyllabusapi.course", "pk": 711, "fields": {"name": "Computer Systems and Networks", "description": "Courses of timely interest to the profession, conducted by resident or visiting faculty.", "ects": "4", "semester": null, "created": "2017-10-30T15:07:40.122Z", "modified": "2017-10-30T15:07:41.673Z"}}, {"model": "csyllabusapi.courseprogram", "pk": 2443, "fields": {"course": 712, "program": 37, "created": "2017-10-30T15:07:40.122Z"}}, {"model": "csyllabusapi.courseuniversity", "pk": 2285, "fields": {"course": 712, "university": 7, "created": "2017-10-30T15:07:40.122Z"}}, {"model": "csyllabusapi.course", "pk": 712, "fields": {"name": "Media Device Architectures", "description": "", "ects": "4", "semester": null, "created": "2017-10-30T15:07:40.122Z", "modified": "2017-10-30T15:07:41.673Z"}}, {"model": "csyllabusapi.courseprogram", "pk": 2444, "fields": {"course": 713, "program": 37, "created": "2017-10-30T15:07:40.122Z"}}, {"model": "csyllabusapi.courseuniversity", "pk": 2286, "fields": {"course": 713, "university": 7, "created": "2017-10-30T15:07:40.122Z"}}, {"model": "csyllabusapi.course", "pk": 713, "fields": {"name": "Data Manipulation for Science and Industry", "description": "Courses of timely interest to the profession, conducted by resident or visiting faculty.", "ects": "3", "semester": null, "created": "2017-10-30T15:07:40.122Z", "modified": "2017-10-30T15:07:41.673Z"}}, {"model": "csyllabusapi.courseprogram", "pk": 2445, "fields": {"course": 714, "program": 37, "created": "2017-10-30T15:07:40.122Z"}}, {"model": "csyllabusapi.courseuniversity", "pk": 2287, "fields": {"course": 714, "university": 7, "created": "2017-10-30T15:07:40.122Z"}}, {"model": "csyllabusapi.course", "pk": 714, "fields": {"name": "Software Practicum", "description": "", "ects": "3", "semester": null, "created": "2017-10-30T15:07:40.122Z", "modified": "2017-10-30T15:07:41.673Z"}}, {"model": "csyllabusapi.courseprogram", "pk": 2446, "fields": {"course": 715, "program": 37, "created": "2017-10-30T15:07:40.122Z"}}, {"model": "csyllabusapi.courseuniversity", "pk": 2288, "fields": {"course": 715, "university": 7, "created": "2017-10-30T15:07:40.122Z"}}, {"model": "csyllabusapi.course", "pk": 715, "fields": {"name": "Objects and Design", "description": "Courses of timely interest to the profession, conducted by resident or visiting faculty.", "ects": "3", "semester": null, "created": "2017-10-30T15:07:40.122Z", "modified": "2017-10-30T15:07:41.673Z"}}, {"model": "csyllabusapi.courseprogram", "pk": 2447, "fields": {"course": 716, "program": 37, "created": "2017-10-30T15:07:40.122Z"}}, {"model": "csyllabusapi.courseuniversity", "pk": 2289, "fields": {"course": 716, "university": 7, "created": "2017-10-30T15:07:40.122Z"}}, {"model": "csyllabusapi.course", "pk": 716, "fields": {"name": "Advanced Practical Object-Oriented Programming", "description": "", "ects": "4", "semester": null, "created": "2017-10-30T15:07:40.122Z", "modified": "2017-10-30T15:07:41.673Z"}}, {"model": "csyllabusapi.courseprogram", "pk": 2448, "fields": {"course": 717, "program": 37, "created": "2017-10-30T15:07:40.122Z"}}, {"model": "csyllabusapi.courseuniversity", "pk": 2290, "fields": {"course": 717, "university": 7, "created": "2017-10-30T15:07:40.122Z"}}, {"model": "csyllabusapi.course", "pk": 717, "fields": {"name": "Knowledge Representation and Processing", "description": "Courses of timely interest to the profession, conducted by resident or visiting faculty.", "ects": "4", "semester": null, "created": "2017-10-30T15:07:40.122Z", "modified": "2017-10-30T15:07:41.673Z"}}, {"model": "csyllabusapi.courseprogram", "pk": 2449, "fields": {"course": 718, "program": 37, "created": "2017-10-30T15:07:40.122Z"}}, {"model": "csyllabusapi.courseuniversity", "pk": 2291, "fields": {"course": 718, "university": 7, "created": "2017-10-30T15:07:40.122Z"}}, {"model": "csyllabusapi.course", "pk": 718, "fields": {"name": "Undergraduate Research Assistantship", "description": "", "ects": "1-12", "semester": null, "created": "2017-10-30T15:07:40.122Z", "modified": "2017-10-30T15:07:41.673Z"}}, {"model": "csyllabusapi.courseprogram", "pk": 2450, "fields": {"course": 719, "program": 37, "created": "2017-10-30T15:07:40.122Z"}}, {"model": "csyllabusapi.courseuniversity", "pk": 2292, "fields": {"course": 719, "university": 7, "created": "2017-10-30T15:07:40.122Z"}}, {"model": "csyllabusapi.course", "pk": 719, "fields": {"name": "Undergraduate Research", "description": "Courses of timely interest to the profession, conducted by resident or visiting faculty.", "ects": "1-12", "semester": null, "created": "2017-10-30T15:07:40.122Z", "modified": "2017-10-30T15:07:41.673Z"}}, {"model": "csyllabusapi.courseprogram", "pk": 2451, "fields": {"course": 720, "program": 37, "created": "2017-10-30T15:07:40.122Z"}}, {"model": "csyllabusapi.courseuniversity", "pk": 2293, "fields": {"course": 720, "university": 7, "created": "2017-10-30T15:07:40.122Z"}}, {"model": "csyllabusapi.course", "pk": 720, "fields": {"name": "Startup Lab: Introduction to Technology Ventures", "description": "", "ects": "3", "semester": null, "created": "2017-10-30T15:07:40.122Z", "modified": "2017-10-30T15:07:41.673Z"}}, {"model": "csyllabusapi.courseprogram", "pk": 2452, "fields": {"course": 721, "program": 37, "created": "2017-10-30T15:07:40.122Z"}}, {"model": "csyllabusapi.courseuniversity", "pk": 2294, "fields": {"course": 721, "university": 7, "created": "2017-10-30T15:07:40.122Z"}}, {"model": "csyllabusapi.course", "pk": 721, "fields": {"name": "Special Topics", "description": "", "ects": "1", "semester": null, "created": "2017-10-30T15:07:40.122Z", "modified": "2017-10-30T15:07:41.673Z"}}, {"model": "csyllabusapi.courseprogram", "pk": 2453, "fields": {"course": 722, "program": 37, "created": "2017-10-30T15:07:40.122Z"}}, {"model": "csyllabusapi.courseuniversity", "pk": 2295, "fields": {"course": 722, "university": 7, "created": "2017-10-30T15:07:40.122Z"}}, {"model": "csyllabusapi.course", "pk": 722, "fields": {"name": "Special Topics", "description": "Proof methods, strategy, correctness of algorithms over discrete structures.  Induction and recursion.  Complexity and order of growth.  Number theoretic principles and algorithms.  Counting and computability.  Credit not allowed for both", "ects": "2", "semester": null, "created": "2017-10-30T15:07:40.122Z", "modified": "2017-10-30T15:07:41.673Z"}}, {"model": "csyllabusapi.courseprogram", "pk": 2454, "fields": {"course": 723, "program": 37, "created": "2017-10-30T15:07:40.122Z"}}, {"model": "csyllabusapi.courseuniversity", "pk": 2296, "fields": {"course": 723, "university": 7, "created": "2017-10-30T15:07:40.122Z"}}, {"model": "csyllabusapi.course", "pk": 723, "fields": {"name": "Special Topics", "description": "and", "ects": "3", "semester": null, "created": "2017-10-30T15:07:40.122Z", "modified": "2017-10-30T15:07:41.673Z"}}, {"model": "csyllabusapi.courseprogram", "pk": 2455, "fields": {"course": 724, "program": 37, "created": "2017-10-30T15:07:40.122Z"}}, {"model": "csyllabusapi.courseuniversity", "pk": 2297, "fields": {"course": 724, "university": 7, "created": "2017-10-30T15:07:40.122Z"}}, {"model": "csyllabusapi.course", "pk": 724, "fields": {"name": "Special Topics", "description": ".", "ects": "4", "semester": null, "created": "2017-10-30T15:07:40.122Z", "modified": "2017-10-30T15:07:41.673Z"}}, {"model": "csyllabusapi.courseprogram", "pk": 2456, "fields": {"course": 725, "program": 37, "created": "2017-10-30T15:07:40.122Z"}}, {"model": "csyllabusapi.courseuniversity", "pk": 2298, "fields": {"course": 725, "university": 7, "created": "2017-10-30T15:07:40.122Z"}}, {"model": "csyllabusapi.course", "pk": 725, "fields": {"name": "Special Topics", "description": "", "ects": "5", "semester": null, "created": "2017-10-30T15:07:40.122Z", "modified": "2017-10-30T15:07:41.673Z"}}, {"model": "csyllabusapi.courseprogram", "pk": 2457, "fields": {"course": 726, "program": 37, "created": "2017-10-30T15:07:40.122Z"}}, {"model": "csyllabusapi.courseuniversity", "pk": 2299, "fields": {"course": 726, "university": 7, "created": "2017-10-30T15:07:40.122Z"}}, {"model": "csyllabusapi.course", "pk": 726, "fields": {"name": "Computer Sci Elective", "description": "Proof methods, strategy, correctness of algorithms over discrete structures.  Induction and recursion.  Complexity and order of growth.  Number theoretic principles and algorithms.  Counting and computability.  Credit not allowed for both", "ects": "1-21", "semester": null, "created": "2017-10-30T15:07:40.122Z", "modified": "2017-10-30T15:07:41.673Z"}}, {"model": "csyllabusapi.courseprogram", "pk": 2458, "fields": {"course": 727, "program": 37, "created": "2017-10-30T15:07:40.122Z"}}, {"model": "csyllabusapi.courseuniversity", "pk": 2300, "fields": {"course": 727, "university": 7, "created": "2017-10-30T15:07:40.122Z"}}, {"model": "csyllabusapi.course", "pk": 727, "fields": {"name": "Computer Science Ventures", "description": "and", "ects": "3", "semester": null, "created": "2017-10-30T15:07:40.122Z", "modified": "2017-10-30T15:07:41.673Z"}}, {"model": "csyllabusapi.courseprogram", "pk": 2459, "fields": {"course": 728, "program": 37, "created": "2017-10-30T15:07:40.122Z"}}, {"model": "csyllabusapi.courseuniversity", "pk": 2301, "fields": {"course": 728, "university": 7, "created": "2017-10-30T15:07:40.122Z"}}, {"model": "csyllabusapi.course", "pk": 728, "fields": {"name": "Design of Operating Systems", "description": ".", "ects": "3", "semester": null, "created": "2017-10-30T15:07:40.122Z", "modified": "2017-10-30T15:07:41.673Z"}}, {"model": "csyllabusapi.courseprogram", "pk": 2460, "fields": {"course": 729, "program": 37, "created": "2017-10-30T15:07:40.122Z"}}, {"model": "csyllabusapi.courseuniversity", "pk": 2302, "fields": {"course": 729, "university": 7, "created": "2017-10-30T15:07:40.122Z"}}, {"model": "csyllabusapi.course", "pk": 729, "fields": {"name": "Computer Structures: Hardware/Software Codesign of a Processor", "description": "", "ects": "3", "semester": null, "created": "2017-10-30T15:07:40.122Z", "modified": "2017-10-30T15:07:41.673Z"}}, {"model": "csyllabusapi.courseprogram", "pk": 2461, "fields": {"course": 730, "program": 37, "created": "2017-10-30T15:07:40.122Z"}}, {"model": "csyllabusapi.courseuniversity", "pk": 2303, "fields": {"course": 730, "university": 7, "created": "2017-10-30T15:07:40.122Z"}}, {"model": "csyllabusapi.course", "pk": 730, "fields": {"name": "Languages and Computation", "description": "An introduction to basic computer hardware, machine language, assembly language, and C programming.", "ects": "3", "semester": null, "created": "2017-10-30T15:07:40.122Z", "modified": "2017-10-30T15:07:41.673Z"}}, {"model": "csyllabusapi.courseprogram", "pk": 2462, "fields": {"course": 731, "program": 37, "created": "2017-10-30T15:07:40.122Z"}}, {"model": "csyllabusapi.courseuniversity", "pk": 2304, "fields": {"course": 731, "university": 7, "created": "2017-10-30T15:07:40.122Z"}}, {"model": "csyllabusapi.course", "pk": 731, "fields": {"name": "Computer Networking I", "description": "", "ects": "3", "semester": null, "created": "2017-10-30T15:07:40.122Z", "modified": "2017-10-30T15:07:41.673Z"}}, {"model": "csyllabusapi.courseprogram", "pk": 2463, "fields": {"course": 732, "program": 37, "created": "2017-10-30T15:07:40.122Z"}}, {"model": "csyllabusapi.courseuniversity", "pk": 2305, "fields": {"course": 732, "university": 7, "created": "2017-10-30T15:07:40.122Z"}}, {"model": "csyllabusapi.course", "pk": 732, "fields": {"name": "Introduction to Software Engineering", "description": "A broad exposure to computer system structure and networking including software abstractions in operating systems for orchestrating the usage of the computing resources.", "ects": "3", "semester": null, "created": "2017-10-30T15:07:40.122Z", "modified": "2017-10-30T15:07:41.673Z"}}, {"model": "csyllabusapi.courseprogram", "pk": 2464, "fields": {"course": 733, "program": 37, "created": "2017-10-30T15:07:40.122Z"}}, {"model": "csyllabusapi.courseuniversity", "pk": 2306, "fields": {"course": 733, "university": 7, "created": "2017-10-30T15:07:40.122Z"}}, {"model": "csyllabusapi.course", "pk": 733, "fields": {"name": "Part 1 of a 2 semester project design and implementation sequence conjoined with Tech Communications", "description": "", "ects": "1", "semester": null, "created": "2017-10-30T15:07:40.122Z", "modified": "2017-10-30T15:07:41.673Z"}}, {"model": "csyllabusapi.courseprogram", "pk": 2465, "fields": {"course": 734, "program": 37, "created": "2017-10-30T15:07:40.122Z"}}, {"model": "csyllabusapi.courseuniversity", "pk": 2307, "fields": {"course": 734, "university": 7, "created": "2017-10-30T15:07:40.122Z"}}, {"model": "csyllabusapi.course", "pk": 734, "fields": {"name": "Part 2 of a semester project design and implementation sequence conjoined with Tech Communications", "description": "Controlling the interface between hardware and software in media devices. Machine-level programming (e.g., in C) to create graphics, generate sound, and support user interaction.", "ects": "2", "semester": null, "created": "2017-10-30T15:07:40.122Z", "modified": "2017-10-30T15:07:41.673Z"}}, {"model": "csyllabusapi.courseprogram", "pk": 2466, "fields": {"course": 735, "program": 37, "created": "2017-10-30T15:07:40.122Z"}}, {"model": "csyllabusapi.courseuniversity", "pk": 2308, "fields": {"course": 735, "university": 7, "created": "2017-10-30T15:07:40.122Z"}}, {"model": "csyllabusapi.course", "pk": 735, "fields": {"name": "Computer Graphics", "description": "", "ects": "3", "semester": null, "created": "2017-10-30T15:07:40.122Z", "modified": "2017-10-30T15:07:41.673Z"}}, {"model": "csyllabusapi.courseprogram", "pk": 2467, "fields": {"course": 736, "program": 37, "created": "2017-10-30T15:07:40.122Z"}}, {"model": "csyllabusapi.courseuniversity", "pk": 2309, "fields": {"course": 736, "university": 7, "created": "2017-10-30T15:07:40.122Z"}}, {"model": "csyllabusapi.course", "pk": 736, "fields": {"name": "Design and Analysis of Algorithms", "description": "Reading, manipulating, and exporting data for engineering, business, and scientific applications.  Covers GUI's, File I/O, basic SQL, and web scraping.  Emphasis on software development.", "ects": "3", "semester": null, "created": "2017-10-30T15:07:40.122Z", "modified": "2017-10-30T15:07:41.673Z"}}, {"model": "csyllabusapi.courseprogram", "pk": 2468, "fields": {"course": 737, "program": 37, "created": "2017-10-30T15:07:40.122Z"}}, {"model": "csyllabusapi.courseuniversity", "pk": 2310, "fields": {"course": 737, "university": 7, "created": "2017-10-30T15:07:40.122Z"}}, {"model": "csyllabusapi.course", "pk": 737, "fields": {"name": "Design and Analysis of Algorithms, Honors", "description": "", "ects": "3", "semester": null, "created": "2017-10-30T15:07:40.122Z", "modified": "2017-10-30T15:07:41.673Z"}}, {"model": "csyllabusapi.courseprogram", "pk": 2469, "fields": {"course": 738, "program": 37, "created": "2017-10-30T15:07:40.122Z"}}, {"model": "csyllabusapi.courseuniversity", "pk": 2311, "fields": {"course": 738, "university": 7, "created": "2017-10-30T15:07:40.122Z"}}, {"model": "csyllabusapi.course", "pk": 738, "fields": {"name": "Introduction to Artificial Intelligence", "description": "Methods for solving large programming problems. Techniques for quality assurance, managing programs, working in teams, analyzing problems, and producing effective solutions.", "ects": "3", "semester": null, "created": "2017-10-30T15:07:40.122Z", "modified": "2017-10-30T15:07:41.673Z"}}, {"model": "csyllabusapi.courseprogram", "pk": 2470, "fields": {"course": 739, "program": 37, "created": "2017-10-30T15:07:40.122Z"}}, {"model": "csyllabusapi.courseuniversity", "pk": 2312, "fields": {"course": 739, "university": 7, "created": "2017-10-30T15:07:40.122Z"}}, {"model": "csyllabusapi.course", "pk": 739, "fields": {"name": "Introduction to Perception and Robotics", "description": "", "ects": "3", "semester": null, "created": "2017-10-30T15:07:40.122Z", "modified": "2017-10-30T15:07:41.673Z"}}, {"model": "csyllabusapi.courseprogram", "pk": 2471, "fields": {"course": 740, "program": 37, "created": "2017-10-30T15:07:40.122Z"}}, {"model": "csyllabusapi.courseuniversity", "pk": 2313, "fields": {"course": 740, "university": 7, "created": "2017-10-30T15:07:40.122Z"}}, {"model": "csyllabusapi.course", "pk": 740, "fields": {"name": "Prototyping Intelligence Appliances", "description": "Object-oriented programming methods for dealing with large programs.  Focus on quality processes, effective debugging techniques, and testing to assure a quality product.", "ects": "4", "semester": null, "created": "2017-10-30T15:07:40.122Z", "modified": "2017-10-30T15:07:41.673Z"}}, {"model": "csyllabusapi.courseprogram", "pk": 2472, "fields": {"course": 741, "program": 37, "created": "2017-10-30T15:07:40.122Z"}}, {"model": "csyllabusapi.courseuniversity", "pk": 2314, "fields": {"course": 741, "university": 7, "created": "2017-10-30T15:07:40.122Z"}}, {"model": "csyllabusapi.course", "pk": 741, "fields": {"name": "Analysis of Emerging Technologies", "description": "", "ects": "3", "semester": null, "created": "2017-10-30T15:07:40.122Z", "modified": "2017-10-30T15:07:41.673Z"}}, {"model": "csyllabusapi.courseprogram", "pk": 2473, "fields": {"course": 742, "program": 37, "created": "2017-10-30T15:07:40.122Z"}}, {"model": "csyllabusapi.courseuniversity", "pk": 2315, "fields": {"course": 742, "university": 7, "created": "2017-10-30T15:07:40.122Z"}}, {"model": "csyllabusapi.course", "pk": 742, "fields": {"name": "Human Computer Interface Design and Evaluation", "description": "This course presents important programming principles that should be considered when using a non-automatic memory management complex language (such as C++). Templating, generic programming, resource acquisition is initialization (RAII), and smart pointers are a few examples. Credit not awarded for both", "ects": "3", "semester": null, "created": "2017-10-30T15:07:40.122Z", "modified": "2017-10-30T15:07:41.673Z"}}, {"model": "csyllabusapi.courseprogram", "pk": 2474, "fields": {"course": 743, "program": 37, "created": "2017-10-30T15:07:40.122Z"}}, {"model": "csyllabusapi.courseuniversity", "pk": 2316, "fields": {"course": 743, "university": 7, "created": "2017-10-30T15:07:40.122Z"}}, {"model": "csyllabusapi.course", "pk": 743, "fields": {"name": "Introduction to Cognitive Science", "description": "and", "ects": "3", "semester": null, "created": "2017-10-30T15:07:40.122Z", "modified": "2017-10-30T15:07:41.673Z"}}, {"model": "csyllabusapi.courseprogram", "pk": 2475, "fields": {"course": 744, "program": 37, "created": "2017-10-30T15:07:40.122Z"}}, {"model": "csyllabusapi.courseuniversity", "pk": 2317, "fields": {"course": 744, "university": 7, "created": "2017-10-30T15:07:40.122Z"}}, {"model": "csyllabusapi.course", "pk": 744, "fields": {"name": "Special Topics", "description": ".", "ects": "1", "semester": null, "created": "2017-10-30T15:07:40.122Z", "modified": "2017-10-30T15:07:41.673Z"}}, {"model": "csyllabusapi.courseprogram", "pk": 2476, "fields": {"course": 745, "program": 37, "created": "2017-10-30T15:07:40.122Z"}}, {"model": "csyllabusapi.courseuniversity", "pk": 2318, "fields": {"course": 745, "university": 7, "created": "2017-10-30T15:07:40.122Z"}}, {"model": "csyllabusapi.course", "pk": 745, "fields": {"name": "Special Topics", "description": "", "ects": "2", "semester": null, "created": "2017-10-30T15:07:40.122Z", "modified": "2017-10-30T15:07:41.673Z"}}, {"model": "csyllabusapi.courseprogram", "pk": 2477, "fields": {"course": 746, "program": 37, "created": "2017-10-30T15:07:40.122Z"}}, {"model": "csyllabusapi.courseuniversity", "pk": 2319, "fields": {"course": 746, "university": 7, "created": "2017-10-30T15:07:40.122Z"}}, {"model": "csyllabusapi.course", "pk": 746, "fields": {"name": "Special Topics", "description": "Introduction to the representation and manipulation of complex symbolic and sub-symbolic information.", "ects": "3", "semester": null, "created": "2017-10-30T15:07:40.122Z", "modified": "2017-10-30T15:07:41.673Z"}}, {"model": "csyllabusapi.courseprogram", "pk": 2478, "fields": {"course": 747, "program": 37, "created": "2017-10-30T15:07:40.122Z"}}, {"model": "csyllabusapi.courseuniversity", "pk": 2320, "fields": {"course": 747, "university": 7, "created": "2017-10-30T15:07:40.122Z"}}, {"model": "csyllabusapi.course", "pk": 747, "fields": {"name": "Special Topics", "description": "", "ects": "4", "semester": null, "created": "2017-10-30T15:07:40.122Z", "modified": "2017-10-30T15:07:41.673Z"}}, {"model": "csyllabusapi.courseprogram", "pk": 2479, "fields": {"course": 748, "program": 37, "created": "2017-10-30T15:07:40.122Z"}}, {"model": "csyllabusapi.courseuniversity", "pk": 2321, "fields": {"course": 748, "university": 7, "created": "2017-10-30T15:07:40.122Z"}}, {"model": "csyllabusapi.course", "pk": 748, "fields": {"name": "Special Topics", "description": "Independent research conducted under the guidance of a faculty member.", "ects": "5", "semester": null, "created": "2017-10-30T15:07:40.122Z", "modified": "2017-10-30T15:07:41.673Z"}}, {"model": "csyllabusapi.courseprogram", "pk": 2480, "fields": {"course": 749, "program": 37, "created": "2017-10-30T15:07:40.122Z"}}, {"model": "csyllabusapi.courseuniversity", "pk": 2322, "fields": {"course": 749, "university": 7, "created": "2017-10-30T15:07:40.122Z"}}, {"model": "csyllabusapi.course", "pk": 749, "fields": {"name": "Computer Sci", "description": "", "ects": "1-21", "semester": null, "created": "2017-10-30T15:07:40.122Z", "modified": "2017-10-30T15:07:41.673Z"}}, {"model": "csyllabusapi.courseprogram", "pk": 2481, "fields": {"course": 750, "program": 37, "created": "2017-10-30T15:07:40.122Z"}}, {"model": "csyllabusapi.courseuniversity", "pk": 2323, "fields": {"course": 750, "university": 7, "created": "2017-10-30T15:07:40.122Z"}}, {"model": "csyllabusapi.course", "pk": 750, "fields": {"name": "Computing, Society, and Professionalism", "description": "Independent research conducted under the guidance of a faculty member.", "ects": "3", "semester": null, "created": "2017-10-30T15:07:40.122Z", "modified": "2017-10-30T15:07:41.673Z"}}, {"model": "csyllabusapi.courseprogram", "pk": 2482, "fields": {"course": 751, "program": 37, "created": "2017-10-30T15:07:40.122Z"}}, {"model": "csyllabusapi.courseuniversity", "pk": 2324, "fields": {"course": 751, "university": 7, "created": "2017-10-30T15:07:40.122Z"}}, {"model": "csyllabusapi.course", "pk": 751, "fields": {"name": "Robots and Society", "description": "", "ects": "3", "semester": null, "created": "2017-10-30T15:07:40.122Z", "modified": "2017-10-30T15:07:41.673Z"}}, {"model": "csyllabusapi.courseprogram", "pk": 2483, "fields": {"course": 752, "program": 37, "created": "2017-10-30T15:07:40.122Z"}}, {"model": "csyllabusapi.courseuniversity", "pk": 2325, "fields": {"course": 752, "university": 7, "created": "2017-10-30T15:07:40.122Z"}}, {"model": "csyllabusapi.course", "pk": 752, "fields": {"name": "Next-Generation Computing Technologies", "description": "Elements of technology venture creation including opportunity identification and validation, ideation, customer discovery, markey analysis, minimum viable product development, business models, intellectual property, and capital raises. Cross-listed with", "ects": "3", "semester": null, "created": "2017-10-30T15:07:40.122Z", "modified": "2017-10-30T15:07:41.673Z"}}, {"model": "csyllabusapi.courseprogram", "pk": 2484, "fields": {"course": 753, "program": 37, "created": "2017-10-30T15:07:40.122Z"}}, {"model": "csyllabusapi.courseuniversity", "pk": 2326, "fields": {"course": 753, "university": 7, "created": "2017-10-30T15:07:40.122Z"}}, {"model": "csyllabusapi.course", "pk": 753, "fields": {"name": "Introduction to Computer Law", "description": ".", "ects": "3", "semester": null, "created": "2017-10-30T15:07:40.122Z", "modified": "2017-10-30T15:07:41.673Z"}}, {"model": "csyllabusapi.courseprogram", "pk": 2485, "fields": {"course": 754, "program": 37, "created": "2017-10-30T15:07:40.122Z"}}, {"model": "csyllabusapi.courseuniversity", "pk": 2327, "fields": {"course": 754, "university": 7, "created": "2017-10-30T15:07:40.122Z"}}, {"model": "csyllabusapi.course", "pk": 754, "fields": {"name": "Systems Analysis and Design", "description": "", "ects": "3", "semester": null, "created": "2017-10-30T15:07:40.122Z", "modified": "2017-10-30T15:07:41.673Z"}}, {"model": "csyllabusapi.courseprogram", "pk": 2486, "fields": {"course": 755, "program": 37, "created": "2017-10-30T15:07:40.122Z"}}, {"model": "csyllabusapi.courseuniversity", "pk": 2328, "fields": {"course": 755, "university": 7, "created": "2017-10-30T15:07:40.122Z"}}, {"model": "csyllabusapi.course", "pk": 755, "fields": {"name": "Business Process Analysis and Design", "description": "Courses of timely interest to the profession, conducted by resident or visiting faculty.", "ects": "3", "semester": null, "created": "2017-10-30T15:07:40.122Z", "modified": "2017-10-30T15:07:41.673Z"}}, {"model": "csyllabusapi.courseprogram", "pk": 2487, "fields": {"course": 756, "program": 37, "created": "2017-10-30T15:07:40.122Z"}}, {"model": "csyllabusapi.courseuniversity", "pk": 2329, "fields": {"course": 756, "university": 7, "created": "2017-10-30T15:07:40.122Z"}}, {"model": "csyllabusapi.course", "pk": 756, "fields": {"name": "Advanced Operating Systems", "description": "", "ects": "3", "semester": null, "created": "2017-10-30T15:07:40.122Z", "modified": "2017-10-30T15:07:41.673Z"}}, {"model": "csyllabusapi.courseprogram", "pk": 2488, "fields": {"course": 757, "program": 37, "created": "2017-10-30T15:07:40.122Z"}}, {"model": "csyllabusapi.courseuniversity", "pk": 2330, "fields": {"course": 757, "university": 7, "created": "2017-10-30T15:07:40.122Z"}}, {"model": "csyllabusapi.course", "pk": 757, "fields": {"name": "Programming Embedded Systems", "description": "Courses of timely interest to the profession, conducted by resident or visiting faculty.", "ects": "3", "semester": null, "created": "2017-10-30T15:07:40.122Z", "modified": "2017-10-30T15:07:41.673Z"}}, {"model": "csyllabusapi.courseprogram", "pk": 2489, "fields": {"course": 758, "program": 37, "created": "2017-10-30T15:07:40.122Z"}}, {"model": "csyllabusapi.courseuniversity", "pk": 2331, "fields": {"course": 758, "university": 7, "created": "2017-10-30T15:07:40.122Z"}}, {"model": "csyllabusapi.course", "pk": 758, "fields": {"name": "Parallel Computer Architecture", "description": "", "ects": "3", "semester": null, "created": "2017-10-30T15:07:40.122Z", "modified": "2017-10-30T15:07:41.673Z"}}, {"model": "csyllabusapi.courseprogram", "pk": 2490, "fields": {"course": 759, "program": 37, "created": "2017-10-30T15:07:40.122Z"}}, {"model": "csyllabusapi.courseuniversity", "pk": 2332, "fields": {"course": 759, "university": 7, "created": "2017-10-30T15:07:40.122Z"}}, {"model": "csyllabusapi.course", "pk": 759, "fields": {"name": "Introduction to Information Security", "description": "Courses of timely interest to the profession, conducted by resident or visiting faculty.", "ects": "3", "semester": null, "created": "2017-10-30T15:07:40.122Z", "modified": "2017-10-30T15:07:41.673Z"}}, {"model": "csyllabusapi.courseprogram", "pk": 2491, "fields": {"course": 760, "program": 37, "created": "2017-10-30T15:07:40.122Z"}}, {"model": "csyllabusapi.courseuniversity", "pk": 2333, "fields": {"course": 760, "university": 7, "created": "2017-10-30T15:07:40.122Z"}}, {"model": "csyllabusapi.course", "pk": 760, "fields": {"name": "Computer and Network Security", "description": "", "ects": "3", "semester": null, "created": "2017-10-30T15:07:40.122Z", "modified": "2017-10-30T15:07:41.673Z"}}, {"model": "csyllabusapi.courseprogram", "pk": 2492, "fields": {"course": 761, "program": 37, "created": "2017-10-30T15:07:40.122Z"}}, {"model": "csyllabusapi.courseuniversity", "pk": 2334, "fields": {"course": 761, "university": 7, "created": "2017-10-30T15:07:40.122Z"}}, {"model": "csyllabusapi.course", "pk": 761, "fields": {"name": "Compilers, Interpreters, and Program Analyzers", "description": "Courses of timely interest to the profession, conducted by resident or visiting faculty.", "ects": "3", "semester": null, "created": "2017-10-30T15:07:40.122Z", "modified": "2017-10-30T15:07:41.673Z"}}, {"model": "csyllabusapi.courseprogram", "pk": 2493, "fields": {"course": 762, "program": 37, "created": "2017-10-30T15:07:40.122Z"}}, {"model": "csyllabusapi.courseuniversity", "pk": 2335, "fields": {"course": 762, "university": 7, "created": "2017-10-30T15:07:40.122Z"}}, {"model": "csyllabusapi.course", "pk": 762, "fields": {"name": "Introduction to Data Mining and Analysis", "description": "", "ects": "3", "semester": null, "created": "2017-10-30T15:07:40.122Z", "modified": "2017-10-30T15:07:41.673Z"}}, {"model": "csyllabusapi.courseprogram", "pk": 2494, "fields": {"course": 763, "program": 37, "created": "2017-10-30T15:07:40.122Z"}}, {"model": "csyllabusapi.courseuniversity", "pk": 2336, "fields": {"course": 763, "university": 7, "created": "2017-10-30T15:07:40.122Z"}}, {"model": "csyllabusapi.course", "pk": 763, "fields": {"name": "Computer Networking II", "description": "Courses of timely interest to the profession, conducted by resident or visiting faculty.", "ects": "3", "semester": null, "created": "2017-10-30T15:07:40.122Z", "modified": "2017-10-30T15:07:41.673Z"}}, {"model": "csyllabusapi.courseprogram", "pk": 2495, "fields": {"course": 764, "program": 37, "created": "2017-10-30T15:07:40.122Z"}}, {"model": "csyllabusapi.courseuniversity", "pk": 2337, "fields": {"course": 764, "university": 7, "created": "2017-10-30T15:07:40.122Z"}}, {"model": "csyllabusapi.course", "pk": 764, "fields": {"name": "Introduction to Network Management", "description": "", "ects": "3", "semester": null, "created": "2017-10-30T15:07:40.122Z", "modified": "2017-10-30T15:07:41.673Z"}}, {"model": "csyllabusapi.courseprogram", "pk": 2496, "fields": {"course": 765, "program": 37, "created": "2017-10-30T15:07:40.122Z"}}, {"model": "csyllabusapi.courseuniversity", "pk": 2338, "fields": {"course": 765, "university": 7, "created": "2017-10-30T15:07:40.122Z"}}, {"model": "csyllabusapi.course", "pk": 765, "fields": {"name": "Telecommunications Systems", "description": "", "ects": "3", "semester": null, "created": "2017-10-30T15:07:40.122Z", "modified": "2017-10-30T15:07:41.673Z"}}, {"model": "csyllabusapi.courseprogram", "pk": 2497, "fields": {"course": 766, "program": 37, "created": "2017-10-30T15:07:40.122Z"}}, {"model": "csyllabusapi.courseuniversity", "pk": 2339, "fields": {"course": 766, "university": 7, "created": "2017-10-30T15:07:40.122Z"}}, {"model": "csyllabusapi.course", "pk": 766, "fields": {"name": "Mobile Applications and Services for Converged Networks", "description": "Students will learn how computer-science-based ventures are developed.  The course is project-based.  Students propose, analylze, pitch, design, implement, package and market web-2.0 and virtual-world-based products and services.", "ects": "3", "semester": null, "created": "2017-10-30T15:07:40.122Z", "modified": "2017-10-30T15:07:41.673Z"}}, {"model": "csyllabusapi.courseprogram", "pk": 2498, "fields": {"course": 767, "program": 37, "created": "2017-10-30T15:07:40.122Z"}}, {"model": "csyllabusapi.courseuniversity", "pk": 2340, "fields": {"course": 767, "university": 7, "created": "2017-10-30T15:07:40.122Z"}}, {"model": "csyllabusapi.course", "pk": 767, "fields": {"name": "Data Communications Laboratory", "description": "", "ects": "3", "semester": null, "created": "2017-10-30T15:07:40.122Z", "modified": "2017-10-30T15:07:41.673Z"}}, {"model": "csyllabusapi.courseprogram", "pk": 2499, "fields": {"course": 768, "program": 37, "created": "2017-10-30T15:07:40.122Z"}}, {"model": "csyllabusapi.courseuniversity", "pk": 2341, "fields": {"course": 768, "university": 7, "created": "2017-10-30T15:07:40.122Z"}}, {"model": "csyllabusapi.course", "pk": 768, "fields": {"name": "Survey of Telecommunications and the Law", "description": "Operating systems concepts, including multi-threading, scheduling, synchronization, communication, and access control.  Projects will cover design and implementation of several operating systems components.", "ects": "3", "semester": null, "created": "2017-10-30T15:07:40.122Z", "modified": "2017-10-30T15:07:41.673Z"}}, {"model": "csyllabusapi.courseprogram", "pk": 2500, "fields": {"course": 769, "program": 37, "created": "2017-10-30T15:07:40.122Z"}}, {"model": "csyllabusapi.courseuniversity", "pk": 2342, "fields": {"course": 769, "university": 7, "created": "2017-10-30T15:07:40.122Z"}}, {"model": "csyllabusapi.course", "pk": 769, "fields": {"name": "Advanced Computer Organization", "description": "", "ects": "3", "semester": null, "created": "2017-10-30T15:07:40.122Z", "modified": "2017-10-30T15:07:41.673Z"}}, {"model": "csyllabusapi.courseprogram", "pk": 2501, "fields": {"course": 770, "program": 37, "created": "2017-10-30T15:07:40.122Z"}}, {"model": "csyllabusapi.courseuniversity", "pk": 2343, "fields": {"course": 770, "university": 7, "created": "2017-10-30T15:07:40.122Z"}}, {"model": "csyllabusapi.course", "pk": 770, "fields": {"name": "Introduction to Software Processes", "description": "Principles in pipelined processor design, with emphasis on the need for a close interaction between code generation and architecture.", "ects": "3", "semester": null, "created": "2017-10-30T15:07:40.122Z", "modified": "2017-10-30T15:07:41.673Z"}}, {"model": "csyllabusapi.courseprogram", "pk": 2502, "fields": {"course": 771, "program": 37, "created": "2017-10-30T15:07:40.122Z"}}, {"model": "csyllabusapi.courseuniversity", "pk": 2344, "fields": {"course": 771, "university": 7, "created": "2017-10-30T15:07:40.122Z"}}, {"model": "csyllabusapi.course", "pk": 771, "fields": {"name": "Software Engineering Applications", "description": "", "ects": "3", "semester": null, "created": "2017-10-30T15:07:40.122Z", "modified": "2017-10-30T15:07:41.673Z"}}, {"model": "csyllabusapi.courseprogram", "pk": 2503, "fields": {"course": 772, "program": 37, "created": "2017-10-30T15:07:40.122Z"}}, {"model": "csyllabusapi.courseuniversity", "pk": 2345, "fields": {"course": 772, "university": 7, "created": "2017-10-30T15:07:40.122Z"}}, {"model": "csyllabusapi.course", "pk": 772, "fields": {"name": "Software Generation, Testing, and Maintenance", "description": "Interpreters as abstract machines and the tools used to construct them, such as scanners and parsers. An introduction to models of computation as embodied by different programming languages.  Limits of and relationships between these models.", "ects": "3", "semester": null, "created": "2017-10-30T15:07:40.122Z", "modified": "2017-10-30T15:07:41.673Z"}}, {"model": "csyllabusapi.courseprogram", "pk": 2504, "fields": {"course": 773, "program": 37, "created": "2017-10-30T15:07:40.122Z"}}, {"model": "csyllabusapi.courseuniversity", "pk": 2346, "fields": {"course": 773, "university": 7, "created": "2017-10-30T15:07:40.122Z"}}, {"model": "csyllabusapi.course", "pk": 773, "fields": {"name": "Introduction to Enterprise Computing", "description": "", "ects": "3", "semester": null, "created": "2017-10-30T15:07:40.122Z", "modified": "2017-10-30T15:07:41.673Z"}}, {"model": "csyllabusapi.courseprogram", "pk": 2505, "fields": {"course": 774, "program": 37, "created": "2017-10-30T15:07:40.122Z"}}, {"model": "csyllabusapi.courseuniversity", "pk": 2347, "fields": {"course": 774, "university": 7, "created": "2017-10-30T15:07:40.122Z"}}, {"model": "csyllabusapi.course", "pk": 774, "fields": {"name": "Programming Languages", "description": "Introduction to problems in computer networking, including error recovery, medium access, routing, flow control, and transport. Emphasis on current best practice.  Includes programming of networked applications.", "ects": "3", "semester": null, "created": "2017-10-30T15:07:40.122Z", "modified": "2017-10-30T15:07:41.673Z"}}, {"model": "csyllabusapi.courseprogram", "pk": 2506, "fields": {"course": 775, "program": 37, "created": "2017-10-30T15:07:40.122Z"}}, {"model": "csyllabusapi.courseuniversity", "pk": 2348, "fields": {"course": 775, "university": 7, "created": "2017-10-30T15:07:40.122Z"}}, {"model": "csyllabusapi.course", "pk": 775, "fields": {"name": "Introduction to Database Systems", "description": "", "ects": "3", "semester": null, "created": "2017-10-30T15:07:40.122Z", "modified": "2017-10-30T15:07:41.673Z"}}, {"model": "csyllabusapi.courseprogram", "pk": 2507, "fields": {"course": 776, "program": 37, "created": "2017-10-30T15:07:40.122Z"}}, {"model": "csyllabusapi.courseuniversity", "pk": 2349, "fields": {"course": 776, "university": 7, "created": "2017-10-30T15:07:40.122Z"}}, {"model": "csyllabusapi.course", "pk": 776, "fields": {"name": "Database System Implementation", "description": "Team-based project class to introduce and apply software engineering principles and practices.", "ects": "3", "semester": null, "created": "2017-10-30T15:07:40.122Z", "modified": "2017-10-30T15:07:41.673Z"}}, {"model": "csyllabusapi.courseprogram", "pk": 2508, "fields": {"course": 777, "program": 37, "created": "2017-10-30T15:07:40.122Z"}}, {"model": "csyllabusapi.courseuniversity", "pk": 2350, "fields": {"course": 777, "university": 7, "created": "2017-10-30T15:07:40.122Z"}}, {"model": "csyllabusapi.course", "pk": 777, "fields": {"name": "Information Systems Design", "description": "", "ects": "3", "semester": null, "created": "2017-10-30T15:07:40.122Z", "modified": "2017-10-30T15:07:41.673Z"}}, {"model": "csyllabusapi.courseprogram", "pk": 2509, "fields": {"course": 778, "program": 37, "created": "2017-10-30T15:07:40.122Z"}}, {"model": "csyllabusapi.courseuniversity", "pk": 2351, "fields": {"course": 778, "university": 7, "created": "2017-10-30T15:07:40.122Z"}}, {"model": "csyllabusapi.course", "pk": 778, "fields": {"name": "Emerging Database Technologies and Applications", "description": "Part 1 of a 2 semester project design and implementation sequence conjoined with Technical Communications. Prepare requirements, design and project plans.  Develop a basic prototype of the desired system. Project is completed in", "ects": "3", "semester": null, "created": "2017-10-30T15:07:40.122Z", "modified": "2017-10-30T15:07:41.673Z"}}, {"model": "csyllabusapi.courseprogram", "pk": 2510, "fields": {"course": 779, "program": 37, "created": "2017-10-30T15:07:40.122Z"}}, {"model": "csyllabusapi.courseuniversity", "pk": 2352, "fields": {"course": 779, "university": 7, "created": "2017-10-30T15:07:40.122Z"}}, {"model": "csyllabusapi.course", "pk": 779, "fields": {"name": "Human-Centered Computing Concepts", "description": "-Project Implementation. Credit will not be awared for", "ects": "3", "semester": null, "created": "2017-10-30T15:07:40.122Z", "modified": "2017-10-30T15:07:41.673Z"}}, {"model": "csyllabusapi.courseprogram", "pk": 2511, "fields": {"course": 780, "program": 37, "created": "2017-10-30T15:07:40.122Z"}}, {"model": "csyllabusapi.courseuniversity", "pk": 2353, "fields": {"course": 780, "university": 7, "created": "2017-10-30T15:07:40.122Z"}}, {"model": "csyllabusapi.course", "pk": 780, "fields": {"name": "Video Game Design and Programming", "description": "and", "ects": "3", "semester": null, "created": "2017-10-30T15:07:40.122Z", "modified": "2017-10-30T15:07:41.673Z"}}, {"model": "csyllabusapi.courseprogram", "pk": 2512, "fields": {"course": 781, "program": 37, "created": "2017-10-30T15:07:40.122Z"}}, {"model": "csyllabusapi.courseuniversity", "pk": 2354, "fields": {"course": 781, "university": 7, "created": "2017-10-30T15:07:40.122Z"}}, {"model": "csyllabusapi.course", "pk": 781, "fields": {"name": "Introduction to Information Visualization", "description": ".", "ects": "3", "semester": null, "created": "2017-10-30T15:07:40.122Z", "modified": "2017-10-30T15:07:41.673Z"}}, {"model": "csyllabusapi.courseprogram", "pk": 2513, "fields": {"course": 782, "program": 37, "created": "2017-10-30T15:07:40.122Z"}}, {"model": "csyllabusapi.courseuniversity", "pk": 2355, "fields": {"course": 782, "university": 7, "created": "2017-10-30T15:07:40.122Z"}}, {"model": "csyllabusapi.course", "pk": 782, "fields": {"name": "Computational Journalism", "description": "", "ects": "3", "semester": null, "created": "2017-10-30T15:07:40.122Z", "modified": "2017-10-30T15:07:41.673Z"}}, {"model": "csyllabusapi.courseprogram", "pk": 2514, "fields": {"course": 783, "program": 37, "created": "2017-10-30T15:07:40.122Z"}}, {"model": "csyllabusapi.courseuniversity", "pk": 2356, "fields": {"course": 783, "university": 7, "created": "2017-10-30T15:07:40.122Z"}}, {"model": "csyllabusapi.course", "pk": 783, "fields": {"name": "Introduction to User Interface Software", "description": "The second part of a 2 semester project design and implementation sequence conjoined with Technical Communications. Implement a project designed in", "ects": "3", "semester": null, "created": "2017-10-30T15:07:40.122Z", "modified": "2017-10-30T15:07:41.673Z"}}, {"model": "csyllabusapi.courseprogram", "pk": 2515, "fields": {"course": 784, "program": 37, "created": "2017-10-30T15:07:40.122Z"}}, {"model": "csyllabusapi.courseuniversity", "pk": 2357, "fields": {"course": 784, "university": 7, "created": "2017-10-30T15:07:40.122Z"}}, {"model": "csyllabusapi.course", "pk": 784, "fields": {"name": "Design of Online Communities", "description": ". Credit will not be awarded for", "ects": "3", "semester": null, "created": "2017-10-30T15:07:40.122Z", "modified": "2017-10-30T15:07:41.673Z"}}, {"model": "csyllabusapi.courseprogram", "pk": 2516, "fields": {"course": 785, "program": 37, "created": "2017-10-30T15:07:40.122Z"}}, {"model": "csyllabusapi.courseuniversity", "pk": 2358, "fields": {"course": 785, "university": 7, "created": "2017-10-30T15:07:40.122Z"}}, {"model": "csyllabusapi.course", "pk": 785, "fields": {"name": "Computational Photography", "description": "and", "ects": "3", "semester": null, "created": "2017-10-30T15:07:40.122Z", "modified": "2017-10-30T15:07:41.673Z"}}, {"model": "csyllabusapi.courseprogram", "pk": 2517, "fields": {"course": 786, "program": 37, "created": "2017-10-30T15:07:40.122Z"}}, {"model": "csyllabusapi.courseuniversity", "pk": 2359, "fields": {"course": 786, "university": 7, "created": "2017-10-30T15:07:40.122Z"}}, {"model": "csyllabusapi.course", "pk": 786, "fields": {"name": "Introduction to Computer Vision", "description": ".", "ects": "3", "semester": null, "created": "2017-10-30T15:07:40.122Z", "modified": "2017-10-30T15:07:41.673Z"}}, {"model": "csyllabusapi.courseprogram", "pk": 2518, "fields": {"course": 787, "program": 37, "created": "2017-10-30T15:07:40.122Z"}}, {"model": "csyllabusapi.courseuniversity", "pk": 2360, "fields": {"course": 787, "university": 7, "created": "2017-10-30T15:07:40.122Z"}}, {"model": "csyllabusapi.course", "pk": 787, "fields": {"name": "Digital Video Special Effects", "description": "", "ects": "3", "semester": null, "created": "2017-10-30T15:07:40.122Z", "modified": "2017-10-30T15:07:41.673Z"}}, {"model": "csyllabusapi.courseprogram", "pk": 2519, "fields": {"course": 788, "program": 37, "created": "2017-10-30T15:07:40.122Z"}}, {"model": "csyllabusapi.courseuniversity", "pk": 2361, "fields": {"course": 788, "university": 7, "created": "2017-10-30T15:07:40.122Z"}}, {"model": "csyllabusapi.course", "pk": 788, "fields": {"name": "Computer Vision", "description": "Geometric constuctions; transformations; perception; reflection models; photorealistic; non-photorealistic, and image-based rendering; rendering software and API's; triangle-mesh processing; graphic acceleration; user-interaction, design and animation.", "ects": "3", "semester": null, "created": "2017-10-30T15:07:40.122Z", "modified": "2017-10-30T15:07:41.673Z"}}, {"model": "csyllabusapi.courseprogram", "pk": 2520, "fields": {"course": 789, "program": 37, "created": "2017-10-30T15:07:40.122Z"}}, {"model": "csyllabusapi.courseuniversity", "pk": 2362, "fields": {"course": 789, "university": 7, "created": "2017-10-30T15:07:40.122Z"}}, {"model": "csyllabusapi.course", "pk": 789, "fields": {"name": "Computer Animation", "description": "", "ects": "3", "semester": null, "created": "2017-10-30T15:07:40.122Z", "modified": "2017-10-30T15:07:41.673Z"}}, {"model": "csyllabusapi.courseprogram", "pk": 2521, "fields": {"course": 790, "program": 37, "created": "2017-10-30T15:07:40.122Z"}}, {"model": "csyllabusapi.courseuniversity", "pk": 2363, "fields": {"course": 790, "university": 7, "created": "2017-10-30T15:07:40.122Z"}}, {"model": "csyllabusapi.course", "pk": 790, "fields": {"name": "Automata and Complexity Theory", "description": "Basic techniques of design and analysis of efficient algorithms for standard computational problems. NP-Completeness.  Credit not allowed for both", "ects": "3", "semester": null, "created": "2017-10-30T15:07:40.122Z", "modified": "2017-10-30T15:07:41.673Z"}}, {"model": "csyllabusapi.courseprogram", "pk": 2522, "fields": {"course": 791, "program": 37, "created": "2017-10-30T15:07:40.122Z"}}, {"model": "csyllabusapi.courseuniversity", "pk": 2364, "fields": {"course": 791, "university": 7, "created": "2017-10-30T15:07:40.122Z"}}, {"model": "csyllabusapi.course", "pk": 791, "fields": {"name": "Approximation Algorithms", "description": "and", "ects": "3", "semester": null, "created": "2017-10-30T15:07:40.122Z", "modified": "2017-10-30T15:07:41.673Z"}}, {"model": "csyllabusapi.courseprogram", "pk": 2523, "fields": {"course": 792, "program": 37, "created": "2017-10-30T15:07:40.122Z"}}, {"model": "csyllabusapi.courseuniversity", "pk": 2365, "fields": {"course": 792, "university": 7, "created": "2017-10-30T15:07:40.122Z"}}, {"model": "csyllabusapi.course", "pk": 792, "fields": {"name": "Randomized Algorithms", "description": ".", "ects": "3", "semester": null, "created": "2017-10-30T15:07:40.122Z", "modified": "2017-10-30T15:07:41.673Z"}}, {"model": "csyllabusapi.courseprogram", "pk": 2524, "fields": {"course": 793, "program": 37, "created": "2017-10-30T15:07:40.122Z"}}, {"model": "csyllabusapi.courseuniversity", "pk": 2366, "fields": {"course": 793, "university": 7, "created": "2017-10-30T15:07:40.122Z"}}, {"model": "csyllabusapi.course", "pk": 793, "fields": {"name": "Advanced Algorithms", "description": "", "ects": "3", "semester": null, "created": "2017-10-30T15:07:40.122Z", "modified": "2017-10-30T15:07:41.673Z"}}, {"model": "csyllabusapi.courseprogram", "pk": 2525, "fields": {"course": 794, "program": 37, "created": "2017-10-30T15:07:40.122Z"}}, {"model": "csyllabusapi.courseuniversity", "pk": 2367, "fields": {"course": 794, "university": 7, "created": "2017-10-30T15:07:40.122Z"}}, {"model": "csyllabusapi.course", "pk": 794, "fields": {"name": "Scientific Data Processing and Visualization", "description": "Techniques of design and analysis of efficient algorithms for standard computational problems.  NP-Completeness Project.  Credit not allowed for both", "ects": "3", "semester": null, "created": "2017-10-30T15:07:40.122Z", "modified": "2017-10-30T15:07:41.673Z"}}, {"model": "csyllabusapi.courseprogram", "pk": 2526, "fields": {"course": 795, "program": 37, "created": "2017-10-30T15:07:40.122Z"}}, {"model": "csyllabusapi.courseuniversity", "pk": 2368, "fields": {"course": 795, "university": 7, "created": "2017-10-30T15:07:40.122Z"}}, {"model": "csyllabusapi.course", "pk": 795, "fields": {"name": "Verification of Systems", "description": "and", "ects": "3", "semester": null, "created": "2017-10-30T15:07:40.122Z", "modified": "2017-10-30T15:07:41.673Z"}}, {"model": "csyllabusapi.courseprogram", "pk": 2527, "fields": {"course": 796, "program": 37, "created": "2017-10-30T15:07:40.122Z"}}, {"model": "csyllabusapi.courseuniversity", "pk": 2369, "fields": {"course": 796, "university": 7, "created": "2017-10-30T15:07:40.122Z"}}, {"model": "csyllabusapi.course", "pk": 796, "fields": {"name": "Principles and Applications of Computer Audio", "description": ".", "ects": "3", "semester": null, "created": "2017-10-30T15:07:40.122Z", "modified": "2017-10-30T15:07:41.673Z"}}, {"model": "csyllabusapi.courseprogram", "pk": 2528, "fields": {"course": 797, "program": 37, "created": "2017-10-30T15:07:40.122Z"}}, {"model": "csyllabusapi.courseuniversity", "pk": 2370, "fields": {"course": 797, "university": 7, "created": "2017-10-30T15:07:40.122Z"}}, {"model": "csyllabusapi.course", "pk": 797, "fields": {"name": "Mobile and Ubiquitous Computing", "description": "", "ects": "3", "semester": null, "created": "2017-10-30T15:07:40.122Z", "modified": "2017-10-30T15:07:41.673Z"}}, {"model": "csyllabusapi.courseprogram", "pk": 2529, "fields": {"course": 798, "program": 37, "created": "2017-10-30T15:07:40.122Z"}}, {"model": "csyllabusapi.courseuniversity", "pk": 2371, "fields": {"course": 798, "university": 7, "created": "2017-10-30T15:07:40.122Z"}}, {"model": "csyllabusapi.course", "pk": 798, "fields": {"name": "Artificial Intelligence Problem Solving", "description": "An introduction to artificial intelligence and machine learning. Topics include intelligent system design methodologies, search and problem solving, supervised and reinforced learning.", "ects": "3", "semester": null, "created": "2017-10-30T15:07:40.122Z", "modified": "2017-10-30T15:07:41.673Z"}}, {"model": "csyllabusapi.courseprogram", "pk": 2530, "fields": {"course": 799, "program": 37, "created": "2017-10-30T15:07:40.122Z"}}, {"model": "csyllabusapi.courseuniversity", "pk": 2372, "fields": {"course": 799, "university": 7, "created": "2017-10-30T15:07:40.122Z"}}, {"model": "csyllabusapi.course", "pk": 799, "fields": {"name": "Knowledge Systems Engineering", "description": "", "ects": "3", "semester": null, "created": "2017-10-30T15:07:40.122Z", "modified": "2017-10-30T15:07:41.673Z"}}, {"model": "csyllabusapi.courseprogram", "pk": 2531, "fields": {"course": 800, "program": 37, "created": "2017-10-30T15:07:40.122Z"}}, {"model": "csyllabusapi.courseuniversity", "pk": 2373, "fields": {"course": 800, "university": 7, "created": "2017-10-30T15:07:40.122Z"}}, {"model": "csyllabusapi.course", "pk": 800, "fields": {"name": "Knowledge-Based Modeling and Design", "description": "Covers fundamental problems and leading solutions for computer and robot perception and action from the point of view of autonomous robot navigation.", "ects": "3", "semester": null, "created": "2017-10-30T15:07:40.122Z", "modified": "2017-10-30T15:07:41.673Z"}}, {"model": "csyllabusapi.courseprogram", "pk": 2532, "fields": {"course": 801, "program": 37, "created": "2017-10-30T15:07:40.122Z"}}, {"model": "csyllabusapi.courseuniversity", "pk": 2374, "fields": {"course": 801, "university": 7, "created": "2017-10-30T15:07:40.122Z"}}, {"model": "csyllabusapi.course", "pk": 801, "fields": {"name": "Pattern Recognition", "description": "", "ects": "3", "semester": null, "created": "2017-10-30T15:07:40.122Z", "modified": "2017-10-30T15:07:41.673Z"}}, {"model": "csyllabusapi.courseprogram", "pk": 2533, "fields": {"course": 802, "program": 37, "created": "2017-10-30T15:07:40.122Z"}}, {"model": "csyllabusapi.courseuniversity", "pk": 2375, "fields": {"course": 802, "university": 7, "created": "2017-10-30T15:07:40.122Z"}}, {"model": "csyllabusapi.course", "pk": 802, "fields": {"name": "Case-Based Reasoning", "description": "Hands-on course teaching the fundamentals of electronics of electrical and mechanical prototyping.", "ects": "3", "semester": null, "created": "2017-10-30T15:07:40.122Z", "modified": "2017-10-30T15:07:41.673Z"}}, {"model": "csyllabusapi.courseprogram", "pk": 2534, "fields": {"course": 803, "program": 37, "created": "2017-10-30T15:07:40.122Z"}}, {"model": "csyllabusapi.courseuniversity", "pk": 2376, "fields": {"course": 803, "university": 7, "created": "2017-10-30T15:07:40.122Z"}}, {"model": "csyllabusapi.course", "pk": 803, "fields": {"name": "Intelligent and Interactive Systems", "description": "", "ects": "3", "semester": null, "created": "2017-10-30T15:07:40.122Z", "modified": "2017-10-30T15:07:41.673Z"}}, {"model": "csyllabusapi.courseprogram", "pk": 2535, "fields": {"course": 804, "program": 37, "created": "2017-10-30T15:07:40.122Z"}}, {"model": "csyllabusapi.courseuniversity", "pk": 2377, "fields": {"course": 804, "university": 7, "created": "2017-10-30T15:07:40.122Z"}}, {"model": "csyllabusapi.course", "pk": 804, "fields": {"name": "Advanced Intelligent Robotics", "description": "Analysis of emerging technologies and their impacts for firm practice, market practice, policy, and society. Credit not allowed for both", "ects": "3", "semester": null, "created": "2017-10-30T15:07:40.122Z", "modified": "2017-10-30T15:07:41.673Z"}}, {"model": "csyllabusapi.courseprogram", "pk": 2536, "fields": {"course": 805, "program": 37, "created": "2017-10-30T15:07:40.122Z"}}, {"model": "csyllabusapi.courseuniversity", "pk": 2378, "fields": {"course": 805, "university": 7, "created": "2017-10-30T15:07:40.122Z"}}, {"model": "csyllabusapi.course", "pk": 805, "fields": {"name": "Knowledge-Based Artificial Intelligence", "description": "and", "ects": "3", "semester": null, "created": "2017-10-30T15:07:40.122Z", "modified": "2017-10-30T15:07:41.673Z"}}, {"model": "csyllabusapi.courseprogram", "pk": 2537, "fields": {"course": 806, "program": 37, "created": "2017-10-30T15:07:40.122Z"}}, {"model": "csyllabusapi.courseuniversity", "pk": 2379, "fields": {"course": 806, "university": 7, "created": "2017-10-30T15:07:40.122Z"}}, {"model": "csyllabusapi.course", "pk": 806, "fields": {"name": "Machine Learning", "description": "or", "ects": "3", "semester": null, "created": "2017-10-30T15:07:40.122Z", "modified": "2017-10-30T15:07:41.673Z"}}, {"model": "csyllabusapi.courseprogram", "pk": 2538, "fields": {"course": 807, "program": 37, "created": "2017-10-30T15:07:40.122Z"}}, {"model": "csyllabusapi.courseuniversity", "pk": 2380, "fields": {"course": 807, "university": 7, "created": "2017-10-30T15:07:40.122Z"}}, {"model": "csyllabusapi.course", "pk": 807, "fields": {"name": "Robot Intelli Planning", "description": ".", "ects": "3", "semester": null, "created": "2017-10-30T15:07:40.122Z", "modified": "2017-10-30T15:07:41.673Z"}}, {"model": "csyllabusapi.courseprogram", "pk": 2539, "fields": {"course": 808, "program": 37, "created": "2017-10-30T15:07:40.122Z"}}, {"model": "csyllabusapi.courseuniversity", "pk": 2381, "fields": {"course": 808, "university": 7, "created": "2017-10-30T15:07:40.122Z"}}, {"model": "csyllabusapi.course", "pk": 808, "fields": {"name": "Natural Language Understanding", "description": "", "ects": "3", "semester": null, "created": "2017-10-30T15:07:40.122Z", "modified": "2017-10-30T15:07:41.673Z"}}, {"model": "csyllabusapi.courseprogram", "pk": 2540, "fields": {"course": 809, "program": 37, "created": "2017-10-30T15:07:40.122Z"}}, {"model": "csyllabusapi.courseuniversity", "pk": 2382, "fields": {"course": 809, "university": 7, "created": "2017-10-30T15:07:40.122Z"}}, {"model": "csyllabusapi.course", "pk": 809, "fields": {"name": "Introduction to Educational Technology", "description": "Human computer interface is considered in terms of user-system compatibility. Concepts in human factors and interface design are covered in relation to capabilities of both humans and computers. Crosslisted with", "ects": "3", "semester": null, "created": "2017-10-30T15:07:40.122Z", "modified": "2017-10-30T15:07:41.673Z"}}, {"model": "csyllabusapi.courseprogram", "pk": 2541, "fields": {"course": 810, "program": 37, "created": "2017-10-30T15:07:40.122Z"}}, {"model": "csyllabusapi.courseuniversity", "pk": 2383, "fields": {"course": 810, "university": 7, "created": "2017-10-30T15:07:40.122Z"}}, {"model": "csyllabusapi.course", "pk": 810, "fields": {"name": "Educational Technology: Design and Evaluation", "description": ".", "ects": "3", "semester": null, "created": "2017-10-30T15:07:40.122Z", "modified": "2017-10-30T15:07:41.673Z"}}, {"model": "csyllabusapi.courseprogram", "pk": 2542, "fields": {"course": 811, "program": 37, "created": "2017-10-30T15:07:40.122Z"}}, {"model": "csyllabusapi.courseuniversity", "pk": 2384, "fields": {"course": 811, "university": 7, "created": "2017-10-30T15:07:40.122Z"}}, {"model": "csyllabusapi.course", "pk": 811, "fields": {"name": "Computer-Supported Collaborative Learning", "description": "", "ects": "3", "semester": null, "created": "2017-10-30T15:07:40.122Z", "modified": "2017-10-30T15:07:41.673Z"}}, {"model": "csyllabusapi.courseprogram", "pk": 2543, "fields": {"course": 812, "program": 37, "created": "2017-10-30T15:07:40.122Z"}}, {"model": "csyllabusapi.courseuniversity", "pk": 2385, "fields": {"course": 812, "university": 7, "created": "2017-10-30T15:07:40.122Z"}}, {"model": "csyllabusapi.course", "pk": 812, "fields": {"name": "Internet Computing Systems, Services and Applications", "description": "Multidisciplinary perspectives on cognitive science. Interdisciplinary approaches to issues in cognition, including memory, language, problem solving, learning, perception, and action. Crosslisted with PST, PSYC, and", "ects": "3", "semester": null, "created": "2017-10-30T15:07:40.122Z", "modified": "2017-10-30T15:07:41.673Z"}}, {"model": "csyllabusapi.courseprogram", "pk": 2544, "fields": {"course": 813, "program": 37, "created": "2017-10-30T15:07:40.122Z"}}, {"model": "csyllabusapi.courseuniversity", "pk": 2386, "fields": {"course": 813, "university": 7, "created": "2017-10-30T15:07:40.122Z"}}, {"model": "csyllabusapi.course", "pk": 813, "fields": {"name": "Pervasive Systems and Networking", "description": ".", "ects": "3", "semester": null, "created": "2017-10-30T15:07:40.122Z", "modified": "2017-10-30T15:07:41.673Z"}}, {"model": "csyllabusapi.courseprogram", "pk": 2545, "fields": {"course": 814, "program": 37, "created": "2017-10-30T15:07:40.122Z"}}, {"model": "csyllabusapi.courseuniversity", "pk": 2387, "fields": {"course": 814, "university": 7, "created": "2017-10-30T15:07:40.122Z"}}, {"model": "csyllabusapi.course", "pk": 814, "fields": {"name": "Empirical Methods for User Interface Design and Evaluation", "description": "", "ects": "3", "semester": null, "created": "2017-10-30T15:07:40.122Z", "modified": "2017-10-30T15:07:41.673Z"}}, {"model": "csyllabusapi.courseprogram", "pk": 2546, "fields": {"course": 815, "program": 37, "created": "2017-10-30T15:07:40.122Z"}}, {"model": "csyllabusapi.courseuniversity", "pk": 2388, "fields": {"course": 815, "university": 7, "created": "2017-10-30T15:07:40.122Z"}}, {"model": "csyllabusapi.course", "pk": 815, "fields": {"name": "Undergraduate Research Assistantship", "description": "Courses of timely interest to the profession, conducted by resident or visiting faculty.", "ects": "1-12", "semester": null, "created": "2017-10-30T15:07:40.122Z", "modified": "2017-10-30T15:07:41.673Z"}}, {"model": "csyllabusapi.courseprogram", "pk": 2547, "fields": {"course": 816, "program": 37, "created": "2017-10-30T15:07:40.122Z"}}, {"model": "csyllabusapi.courseuniversity", "pk": 2389, "fields": {"course": 816, "university": 7, "created": "2017-10-30T15:07:40.122Z"}}, {"model": "csyllabusapi.course", "pk": 816, "fields": {"name": "Undergraduate Research", "description": "", "ects": "1-12", "semester": null, "created": "2017-10-30T15:07:40.122Z", "modified": "2017-10-30T15:07:41.673Z"}}, {"model": "csyllabusapi.courseprogram", "pk": 2548, "fields": {"course": 817, "program": 37, "created": "2017-10-30T15:07:40.122Z"}}, {"model": "csyllabusapi.courseuniversity", "pk": 2390, "fields": {"course": 817, "university": 7, "created": "2017-10-30T15:07:40.122Z"}}, {"model": "csyllabusapi.course", "pk": 817, "fields": {"name": "Introduction to Computing Concepts for Bioinformatics", "description": "Courses of timely interest to the profession, conducted by resident or visiting faculty.", "ects": "4", "semester": null, "created": "2017-10-30T15:07:40.122Z", "modified": "2017-10-30T15:07:41.673Z"}}, {"model": "csyllabusapi.courseprogram", "pk": 2549, "fields": {"course": 818, "program": 37, "created": "2017-10-30T15:07:40.122Z"}}, {"model": "csyllabusapi.courseuniversity", "pk": 2391, "fields": {"course": 818, "university": 7, "created": "2017-10-30T15:07:40.122Z"}}, {"model": "csyllabusapi.course", "pk": 818, "fields": {"name": "Information Security Strategies and Policies", "description": "", "ects": "3", "semester": null, "created": "2017-10-30T15:07:40.122Z", "modified": "2017-10-30T15:07:41.673Z"}}, {"model": "csyllabusapi.courseprogram", "pk": 2550, "fields": {"course": 819, "program": 37, "created": "2017-10-30T15:07:40.122Z"}}, {"model": "csyllabusapi.courseuniversity", "pk": 2392, "fields": {"course": 819, "university": 7, "created": "2017-10-30T15:07:40.122Z"}}, {"model": "csyllabusapi.course", "pk": 819, "fields": {"name": "Privacy, Technology, Policy, and Law", "description": "Courses of timely interest to the profession, conducted by resident or visiting faculty.", "ects": "3", "semester": null, "created": "2017-10-30T15:07:40.122Z", "modified": "2017-10-30T15:07:41.673Z"}}, {"model": "csyllabusapi.courseprogram", "pk": 2551, "fields": {"course": 820, "program": 37, "created": "2017-10-30T15:07:40.122Z"}}, {"model": "csyllabusapi.courseuniversity", "pk": 2393, "fields": {"course": 820, "university": 7, "created": "2017-10-30T15:07:40.122Z"}}, {"model": "csyllabusapi.course", "pk": 820, "fields": {"name": "Game AI", "description": "", "ects": "3", "semester": null, "created": "2017-10-30T15:07:40.122Z", "modified": "2017-10-30T15:07:41.673Z"}}, {"model": "csyllabusapi.courseprogram", "pk": 2552, "fields": {"course": 821, "program": 37, "created": "2017-10-30T15:07:40.122Z"}}, {"model": "csyllabusapi.courseuniversity", "pk": 2394, "fields": {"course": 821, "university": 7, "created": "2017-10-30T15:07:40.122Z"}}, {"model": "csyllabusapi.course", "pk": 821, "fields": {"name": "Integrative Management Development-Project Preparation", "description": "Courses of timely interest to the profession, conducted by resident or visiting faculty.", "ects": "3", "semester": null, "created": "2017-10-30T15:07:40.122Z", "modified": "2017-10-30T15:07:41.673Z"}}, {"model": "csyllabusapi.courseprogram", "pk": 2553, "fields": {"course": 822, "program": 37, "created": "2017-10-30T15:07:40.122Z"}}, {"model": "csyllabusapi.courseuniversity", "pk": 2395, "fields": {"course": 822, "university": 7, "created": "2017-10-30T15:07:40.122Z"}}, {"model": "csyllabusapi.course", "pk": 822, "fields": {"name": "Integrated Computing and Management Capstone Project", "description": "", "ects": "4", "semester": null, "created": "2017-10-30T15:07:40.122Z", "modified": "2017-10-30T15:07:41.673Z"}}, {"model": "csyllabusapi.courseprogram", "pk": 2554, "fields": {"course": 823, "program": 37, "created": "2017-10-30T15:07:40.122Z"}}, {"model": "csyllabusapi.courseuniversity", "pk": 2396, "fields": {"course": 823, "university": 7, "created": "2017-10-30T15:07:40.122Z"}}, {"model": "csyllabusapi.course", "pk": 823, "fields": {"name": "Philosophical Issues in Computation", "description": "Courses of timely interest to the profession, conducted by resident or visiting faculty.", "ects": "3", "semester": null, "created": "2017-10-30T15:07:40.122Z", "modified": "2017-10-30T15:07:41.673Z"}}, {"model": "csyllabusapi.courseprogram", "pk": 2555, "fields": {"course": 824, "program": 37, "created": "2017-10-30T15:07:40.122Z"}}, {"model": "csyllabusapi.courseuniversity", "pk": 2397, "fields": {"course": 824, "university": 7, "created": "2017-10-30T15:07:40.122Z"}}, {"model": "csyllabusapi.course", "pk": 824, "fields": {"name": "Mixed Reality Experience Design", "description": "", "ects": "3", "semester": null, "created": "2017-10-30T15:07:40.122Z", "modified": "2017-10-30T15:07:41.673Z"}}, {"model": "csyllabusapi.courseprogram", "pk": 2556, "fields": {"course": 825, "program": 37, "created": "2017-10-30T15:07:40.122Z"}}, {"model": "csyllabusapi.courseuniversity", "pk": 2398, "fields": {"course": 825, "university": 7, "created": "2017-10-30T15:07:40.122Z"}}, {"model": "csyllabusapi.course", "pk": 825, "fields": {"name": "Integrative Project in Cognitive Science", "description": "", "ects": "3", "semester": null, "created": "2017-10-30T15:07:40.122Z", "modified": "2017-10-30T15:07:41.673Z"}}, {"model": "csyllabusapi.courseprogram", "pk": 2557, "fields": {"course": 826, "program": 37, "created": "2017-10-30T15:07:40.122Z"}}, {"model": "csyllabusapi.courseuniversity", "pk": 2399, "fields": {"course": 826, "university": 7, "created": "2017-10-30T15:07:40.122Z"}}, {"model": "csyllabusapi.course", "pk": 826, "fields": {"name": "Design Project in Cognitive Science", "description": "Examines the role and impact of information and communication technology in society, with emphasis on ethical, professional, and public policy issues. Credit not allowed for both", "ects": "3", "semester": null, "created": "2017-10-30T15:07:40.122Z", "modified": "2017-10-30T15:07:41.673Z"}}, {"model": "csyllabusapi.courseprogram", "pk": 2558, "fields": {"course": 827, "program": 37, "created": "2017-10-30T15:07:40.122Z"}}, {"model": "csyllabusapi.courseuniversity", "pk": 2400, "fields": {"course": 827, "university": 7, "created": "2017-10-30T15:07:40.122Z"}}, {"model": "csyllabusapi.course", "pk": 827, "fields": {"name": "Integrative Perspectives in Cognitive Science", "description": "and", "ects": "3", "semester": null, "created": "2017-10-30T15:07:40.122Z", "modified": "2017-10-30T15:07:41.673Z"}}, {"model": "csyllabusapi.courseprogram", "pk": 2559, "fields": {"course": 828, "program": 37, "created": "2017-10-30T15:07:40.122Z"}}, {"model": "csyllabusapi.courseuniversity", "pk": 2401, "fields": {"course": 828, "university": 7, "created": "2017-10-30T15:07:40.122Z"}}, {"model": "csyllabusapi.course", "pk": 828, "fields": {"name": "Special Topics", "description": ".", "ects": "1", "semester": null, "created": "2017-10-30T15:07:40.122Z", "modified": "2017-10-30T15:07:41.673Z"}}, {"model": "csyllabusapi.courseprogram", "pk": 2560, "fields": {"course": 829, "program": 37, "created": "2017-10-30T15:07:40.122Z"}}, {"model": "csyllabusapi.courseuniversity", "pk": 2402, "fields": {"course": 829, "university": 7, "created": "2017-10-30T15:07:40.122Z"}}, {"model": "csyllabusapi.course", "pk": 829, "fields": {"name": "Special Topics", "description": "", "ects": "2", "semester": null, "created": "2017-10-30T15:07:40.122Z", "modified": "2017-10-30T15:07:41.673Z"}}, {"model": "csyllabusapi.courseprogram", "pk": 2561, "fields": {"course": 830, "program": 37, "created": "2017-10-30T15:07:40.122Z"}}, {"model": "csyllabusapi.courseuniversity", "pk": 2403, "fields": {"course": 830, "university": 7, "created": "2017-10-30T15:07:40.122Z"}}, {"model": "csyllabusapi.course", "pk": 830, "fields": {"name": "Special Topics", "description": "Examines the role and impact of robotics, distributed sensing and actuation, ubiquitous computing and related technology in society, emphasizing ethical, professional and public policy issues. Credit not allowed for both", "ects": "3", "semester": null, "created": "2017-10-30T15:07:40.122Z", "modified": "2017-10-30T15:07:41.673Z"}}, {"model": "csyllabusapi.courseprogram", "pk": 2562, "fields": {"course": 831, "program": 37, "created": "2017-10-30T15:07:40.122Z"}}, {"model": "csyllabusapi.courseuniversity", "pk": 2404, "fields": {"course": 831, "university": 7, "created": "2017-10-30T15:07:40.122Z"}}, {"model": "csyllabusapi.course", "pk": 831, "fields": {"name": "Special Topics", "description": "and", "ects": "4", "semester": null, "created": "2017-10-30T15:07:40.122Z", "modified": "2017-10-30T15:07:41.673Z"}}, {"model": "csyllabusapi.courseprogram", "pk": 2563, "fields": {"course": 832, "program": 37, "created": "2017-10-30T15:07:40.122Z"}}, {"model": "csyllabusapi.courseuniversity", "pk": 2405, "fields": {"course": 832, "university": 7, "created": "2017-10-30T15:07:40.122Z"}}, {"model": "csyllabusapi.course", "pk": 832, "fields": {"name": "Special Topics", "description": ".", "ects": "5", "semester": null, "created": "2017-10-30T15:07:40.122Z", "modified": "2017-10-30T15:07:41.673Z"}}, {"model": "csyllabusapi.courseprogram", "pk": 2564, "fields": {"course": 833, "program": 37, "created": "2017-10-30T15:07:40.122Z"}}, {"model": "csyllabusapi.courseuniversity", "pk": 2406, "fields": {"course": 833, "university": 7, "created": "2017-10-30T15:07:40.122Z"}}, {"model": "csyllabusapi.course", "pk": 833, "fields": {"name": "Special Problems", "description": "", "ects": "1-21", "semester": null, "created": "2017-10-30T15:07:40.122Z", "modified": "2017-10-30T15:07:41.673Z"}}, {"model": "csyllabusapi.courseprogram", "pk": 2565, "fields": {"course": 834, "program": 37, "created": "2017-10-30T15:07:40.122Z"}}, {"model": "csyllabusapi.courseuniversity", "pk": 2407, "fields": {"course": 834, "university": 7, "created": "2017-10-30T15:07:40.122Z"}}, {"model": "csyllabusapi.course", "pk": 834, "fields": {"name": "Special Problems", "description": "Students will explore new paradigms in how content is created, distributed, and consumed, with hands-on demos of next-generation computing technologies.", "ects": "1-21", "semester": null, "created": "2017-10-30T15:07:40.122Z", "modified": "2017-10-30T15:07:41.673Z"}}, {"model": "csyllabusapi.courseprogram", "pk": 2566, "fields": {"course": 835, "program": 37, "created": "2017-10-30T15:07:40.122Z"}}, {"model": "csyllabusapi.courseuniversity", "pk": 2408, "fields": {"course": 835, "university": 7, "created": "2017-10-30T15:07:40.122Z"}}, {"model": "csyllabusapi.course", "pk": 835, "fields": {"name": "Special Problems", "description": "", "ects": "1-21", "semester": null, "created": "2017-10-30T15:07:40.122Z", "modified": "2017-10-30T15:07:41.673Z"}}, {"model": "csyllabusapi.courseprogram", "pk": 2567, "fields": {"course": 836, "program": 37, "created": "2017-10-30T15:07:40.122Z"}}, {"model": "csyllabusapi.courseuniversity", "pk": 2409, "fields": {"course": 836, "university": 7, "created": "2017-10-30T15:07:40.122Z"}}, {"model": "csyllabusapi.course", "pk": 836, "fields": {"name": "Design Capstone Project", "description": "Provides an introduction to copyrights, patents, trade secrets, trademarks, and commercial law pertaining to computer software and hardware.", "ects": "1-21", "semester": null, "created": "2017-10-30T15:07:40.122Z", "modified": "2017-10-30T15:07:41.673Z"}}, {"model": "csyllabusapi.courseprogram", "pk": 2568, "fields": {"course": 837, "program": 37, "created": "2017-10-30T15:07:40.122Z"}}, {"model": "csyllabusapi.courseuniversity", "pk": 2410, "fields": {"course": 837, "university": 7, "created": "2017-10-30T15:07:40.122Z"}}, {"model": "csyllabusapi.course", "pk": 837, "fields": {"name": "Design Capstone Project", "description": "", "ects": "3", "semester": null, "created": "2017-10-30T15:07:40.122Z", "modified": "2017-10-30T15:07:41.673Z"}}, {"model": "csyllabusapi.courseprogram", "pk": 2569, "fields": {"course": 838, "program": 37, "created": "2017-10-30T15:07:40.122Z"}}, {"model": "csyllabusapi.courseuniversity", "pk": 2411, "fields": {"course": 838, "university": 7, "created": "2017-10-30T15:07:40.122Z"}}, {"model": "csyllabusapi.course", "pk": 838, "fields": {"name": "Research Capstone Project", "description": "An introductory course on the development life cycle of business information systems.  It covers analysis and design tools and methodology.  Credit not allowed for both", "ects": "1-21", "semester": null, "created": "2017-10-30T15:07:40.122Z", "modified": "2017-10-30T15:07:41.673Z"}}, {"model": "csyllabusapi.courseprogram", "pk": 2570, "fields": {"course": 839, "program": 37, "created": "2017-10-30T15:07:40.122Z"}}, {"model": "csyllabusapi.courseuniversity", "pk": 2412, "fields": {"course": 839, "university": 7, "created": "2017-10-30T15:07:40.122Z"}}, {"model": "csyllabusapi.course", "pk": 839, "fields": {"name": "Computer Sci Elective", "description": "and", "ects": "1-21", "semester": null, "created": "2017-10-30T15:07:40.122Z", "modified": "2017-10-30T15:07:41.673Z"}}, {"model": "csyllabusapi.courseprogram", "pk": 2571, "fields": {"course": 840, "program": 37, "created": "2017-10-30T15:07:40.122Z"}}, {"model": "csyllabusapi.courseuniversity", "pk": 2413, "fields": {"course": 840, "university": 7, "created": "2017-10-30T15:07:40.122Z"}}, {"model": "csyllabusapi.course", "pk": 840, "fields": {"name": "Principles of Design", "description": ".", "ects": "3", "semester": null, "created": "2017-10-30T15:07:40.122Z", "modified": "2017-10-30T15:07:41.673Z"}}, {"model": "csyllabusapi.courseprogram", "pk": 2572, "fields": {"course": 841, "program": 37, "created": "2017-10-30T15:07:40.122Z"}}, {"model": "csyllabusapi.courseuniversity", "pk": 2414, "fields": {"course": 841, "university": 7, "created": "2017-10-30T15:07:40.122Z"}}, {"model": "csyllabusapi.course", "pk": 841, "fields": {"name": "Introduction to Information Security", "description": "", "ects": "3", "semester": null, "created": "2017-10-30T15:07:40.122Z", "modified": "2017-10-30T15:07:41.673Z"}}, {"model": "csyllabusapi.courseprogram", "pk": 2573, "fields": {"course": 842, "program": 37, "created": "2017-10-30T15:07:40.122Z"}}, {"model": "csyllabusapi.courseuniversity", "pk": 2415, "fields": {"course": 842, "university": 7, "created": "2017-10-30T15:07:40.122Z"}}, {"model": "csyllabusapi.course", "pk": 842, "fields": {"name": "null", "description": "Business processes are the mechanisms by which work is organized and performed. This course covers the analysis of business technology. Credit will not be awarded for both", "ects": "3", "semester": null, "created": "2017-10-30T15:07:40.122Z", "modified": "2017-10-30T15:07:41.673Z"}}, {"model": "csyllabusapi.courseprogram", "pk": 2574, "fields": {"course": 843, "program": 37, "created": "2017-10-30T15:07:40.122Z"}}, {"model": "csyllabusapi.courseuniversity", "pk": 2416, "fields": {"course": 843, "university": 7, "created": "2017-10-30T15:07:40.122Z"}}, {"model": "csyllabusapi.course", "pk": 843, "fields": {"name": "Advanced Operating Systems", "description": "and", "ects": "3", "semester": null, "created": "2017-10-30T15:07:40.122Z", "modified": "2017-10-30T15:07:41.673Z"}}, {"model": "csyllabusapi.courseprogram", "pk": 2575, "fields": {"course": 844, "program": 37, "created": "2017-10-30T15:07:40.122Z"}}, {"model": "csyllabusapi.courseuniversity", "pk": 2417, "fields": {"course": 844, "university": 7, "created": "2017-10-30T15:07:40.122Z"}}, {"model": "csyllabusapi.course", "pk": 844, "fields": {"name": "High-Performance Parallel Computing: Tools and Applications", "description": ".", "ects": "3", "semester": null, "created": "2017-10-30T15:07:40.122Z", "modified": "2017-10-30T15:07:41.673Z"}}, {"model": "csyllabusapi.courseprogram", "pk": 2576, "fields": {"course": 845, "program": 37, "created": "2017-10-30T15:07:40.122Z"}}, {"model": "csyllabusapi.courseuniversity", "pk": 2418, "fields": {"course": 845, "university": 7, "created": "2017-10-30T15:07:40.122Z"}}, {"model": "csyllabusapi.course", "pk": 845, "fields": {"name": "Real-Time System Concepts and Implementation", "description": "", "ects": "3", "semester": null, "created": "2017-10-30T15:07:40.122Z", "modified": "2017-10-30T15:07:41.673Z"}}, {"model": "csyllabusapi.courseprogram", "pk": 2577, "fields": {"course": 846, "program": 37, "created": "2017-10-30T15:07:40.122Z"}}, {"model": "csyllabusapi.courseuniversity", "pk": 2419, "fields": {"course": 846, "university": 7, "created": "2017-10-30T15:07:40.122Z"}}, {"model": "csyllabusapi.course", "pk": 846, "fields": {"name": "Secure Computer Systems", "description": "Operating system abstractions and their implementations, multi-threading, efficient inter-address communication, high-level synchronization, introduction to multi-processor and distributed operating systems, real-time systems.", "ects": "3", "semester": null, "created": "2017-10-30T15:07:40.122Z", "modified": "2017-10-30T15:07:41.673Z"}}, {"model": "csyllabusapi.courseprogram", "pk": 2578, "fields": {"course": 847, "program": 37, "created": "2017-10-30T15:07:40.122Z"}}, {"model": "csyllabusapi.courseuniversity", "pk": 2420, "fields": {"course": 847, "university": 7, "created": "2017-10-30T15:07:40.122Z"}}, {"model": "csyllabusapi.course", "pk": 847, "fields": {"name": "Design and Implementation of Compilers", "description": "", "ects": "3", "semester": null, "created": "2017-10-30T15:07:40.122Z", "modified": "2017-10-30T15:07:41.673Z"}}, {"model": "csyllabusapi.courseprogram", "pk": 2579, "fields": {"course": 848, "program": 37, "created": "2017-10-30T15:07:40.122Z"}}, {"model": "csyllabusapi.courseuniversity", "pk": 2421, "fields": {"course": 848, "university": 7, "created": "2017-10-30T15:07:40.122Z"}}, {"model": "csyllabusapi.course", "pk": 848, "fields": {"name": "Compiling for Parallelism", "description": "Design principles, programming techniques, and case studies of embedded real-time systems.  Interface techniques and devices.  Representations and reasoning about physical processes.", "ects": "3", "semester": null, "created": "2017-10-30T15:07:40.122Z", "modified": "2017-10-30T15:07:41.673Z"}}, {"model": "csyllabusapi.courseprogram", "pk": 2580, "fields": {"course": 849, "program": 37, "created": "2017-10-30T15:07:40.122Z"}}, {"model": "csyllabusapi.courseuniversity", "pk": 2422, "fields": {"course": 849, "university": 7, "created": "2017-10-30T15:07:40.122Z"}}, {"model": "csyllabusapi.course", "pk": 849, "fields": {"name": "Object-Oriented Systems and Languages", "description": "", "ects": "3", "semester": null, "created": "2017-10-30T15:07:40.122Z", "modified": "2017-10-30T15:07:41.673Z"}}, {"model": "csyllabusapi.courseprogram", "pk": 2581, "fields": {"course": 850, "program": 37, "created": "2017-10-30T15:07:40.122Z"}}, {"model": "csyllabusapi.courseuniversity", "pk": 2423, "fields": {"course": 850, "university": 7, "created": "2017-10-30T15:07:40.122Z"}}, {"model": "csyllabusapi.course", "pk": 850, "fields": {"name": "Computer Networks", "description": "The objective of this course is to develop an in-depth understanding of the design, implementation, and evaluation of modern parallel computers.  Credit not allowed for both", "ects": "3", "semester": null, "created": "2017-10-30T15:07:40.122Z", "modified": "2017-10-30T15:07:41.673Z"}}, {"model": "csyllabusapi.courseprogram", "pk": 2582, "fields": {"course": 851, "program": 37, "created": "2017-10-30T15:07:40.122Z"}}, {"model": "csyllabusapi.courseuniversity", "pk": 2424, "fields": {"course": 851, "university": 7, "created": "2017-10-30T15:07:40.122Z"}}, {"model": "csyllabusapi.course", "pk": 851, "fields": {"name": "Principles of Network Management", "description": "and", "ects": "3", "semester": null, "created": "2017-10-30T15:07:40.122Z", "modified": "2017-10-30T15:07:41.673Z"}}, {"model": "csyllabusapi.courseprogram", "pk": 2583, "fields": {"course": 852, "program": 37, "created": "2017-10-30T15:07:40.122Z"}}, {"model": "csyllabusapi.courseuniversity", "pk": 2425, "fields": {"course": 852, "university": 7, "created": "2017-10-30T15:07:40.122Z"}}, {"model": "csyllabusapi.course", "pk": 852, "fields": {"name": "Applied Cryptography", "description": ".", "ects": "3", "semester": null, "created": "2017-10-30T15:07:40.122Z", "modified": "2017-10-30T15:07:41.673Z"}}, {"model": "csyllabusapi.courseprogram", "pk": 2584, "fields": {"course": 853, "program": 37, "created": "2017-10-30T15:07:40.122Z"}}, {"model": "csyllabusapi.courseuniversity", "pk": 2426, "fields": {"course": 853, "university": 7, "created": "2017-10-30T15:07:40.122Z"}}, {"model": "csyllabusapi.course", "pk": 853, "fields": {"name": "Network Security", "description": "", "ects": "3", "semester": null, "created": "2017-10-30T15:07:40.122Z", "modified": "2017-10-30T15:07:41.673Z"}}, {"model": "csyllabusapi.courseprogram", "pk": 2585, "fields": {"course": 854, "program": 37, "created": "2017-10-30T15:07:40.122Z"}}, {"model": "csyllabusapi.courseuniversity", "pk": 2427, "fields": {"course": 854, "university": 7, "created": "2017-10-30T15:07:40.122Z"}}, {"model": "csyllabusapi.course", "pk": 854, "fields": {"name": "Information Security Laboratory", "description": "Terms/concepts, threats, controls; problem definition; comprehensive information security model; security for operating systems, databases, network/distributed systems; administering security; legal/ethical/policy issues.  Credit not allowed for both", "ects": "3", "semester": null, "created": "2017-10-30T15:07:40.122Z", "modified": "2017-10-30T15:07:41.673Z"}}, {"model": "csyllabusapi.courseprogram", "pk": 2586, "fields": {"course": 855, "program": 37, "created": "2017-10-30T15:07:40.122Z"}}, {"model": "csyllabusapi.courseuniversity", "pk": 2428, "fields": {"course": 855, "university": 7, "created": "2017-10-30T15:07:40.122Z"}}, {"model": "csyllabusapi.course", "pk": 855, "fields": {"name": "Information Security Practicum", "description": "and", "ects": "5", "semester": null, "created": "2017-10-30T15:07:40.122Z", "modified": "2017-10-30T15:07:41.673Z"}}, {"model": "csyllabusapi.courseprogram", "pk": 2587, "fields": {"course": 856, "program": 37, "created": "2017-10-30T15:07:40.122Z"}}, {"model": "csyllabusapi.courseuniversity", "pk": 2429, "fields": {"course": 856, "university": 7, "created": "2017-10-30T15:07:40.122Z"}}, {"model": "csyllabusapi.course", "pk": 856, "fields": {"name": "Formal Models and Methods for Information Assurance", "description": ".", "ects": "3", "semester": null, "created": "2017-10-30T15:07:40.122Z", "modified": "2017-10-30T15:07:41.673Z"}}, {"model": "csyllabusapi.courseprogram", "pk": 2588, "fields": {"course": 857, "program": 37, "created": "2017-10-30T15:07:40.122Z"}}, {"model": "csyllabusapi.courseuniversity", "pk": 2430, "fields": {"course": 857, "university": 7, "created": "2017-10-30T15:07:40.122Z"}}, {"model": "csyllabusapi.course", "pk": 857, "fields": {"name": "Performance Evaluation of Communication Networks", "description": "", "ects": "3", "semester": null, "created": "2017-10-30T15:07:40.122Z", "modified": "2017-10-30T15:07:41.673Z"}}, {"model": "csyllabusapi.courseprogram", "pk": 2589, "fields": {"course": 858, "program": 37, "created": "2017-10-30T15:07:40.122Z"}}, {"model": "csyllabusapi.courseuniversity", "pk": 2431, "fields": {"course": 858, "university": 7, "created": "2017-10-30T15:07:40.122Z"}}, {"model": "csyllabusapi.course", "pk": 858, "fields": {"name": "High-Performance Computer Architecture", "description": "Fundamental concepts and principles of computer security, operating system and database security, secret key and public key cryptographic algorithms, hash functions, authentication, firewalls and intrusion detection systems, IPSec ad VPN, and wireless security.", "ects": "3", "semester": null, "created": "2017-10-30T15:07:40.122Z", "modified": "2017-10-30T15:07:41.673Z"}}, {"model": "csyllabusapi.courseprogram", "pk": 2590, "fields": {"course": 859, "program": 37, "created": "2017-10-30T15:07:40.122Z"}}, {"model": "csyllabusapi.courseuniversity", "pk": 2432, "fields": {"course": 859, "university": 7, "created": "2017-10-30T15:07:40.122Z"}}, {"model": "csyllabusapi.course", "pk": 859, "fields": {"name": "Software Development Process", "description": "", "ects": "3", "semester": null, "created": "2017-10-30T15:07:40.122Z", "modified": "2017-10-30T15:07:41.673Z"}}, {"model": "csyllabusapi.courseprogram", "pk": 2591, "fields": {"course": 860, "program": 37, "created": "2017-10-30T15:07:40.122Z"}}, {"model": "csyllabusapi.courseuniversity", "pk": 2433, "fields": {"course": 860, "university": 7, "created": "2017-10-30T15:07:40.122Z"}}, {"model": "csyllabusapi.course", "pk": 860, "fields": {"name": "Software Architecture and Design", "description": "Study of techniques for the design and implementation of compilers, interpreters, and program analyzers, with consideration of the particular characteristics of widely used programming languages.", "ects": "3", "semester": null, "created": "2017-10-30T15:07:40.122Z", "modified": "2017-10-30T15:07:41.673Z"}}, {"model": "csyllabusapi.courseprogram", "pk": 2592, "fields": {"course": 861, "program": 37, "created": "2017-10-30T15:07:40.122Z"}}, {"model": "csyllabusapi.courseuniversity", "pk": 2434, "fields": {"course": 861, "university": 7, "created": "2017-10-30T15:07:40.122Z"}}, {"model": "csyllabusapi.course", "pk": 861, "fields": {"name": "Software Requirements Analysis and Specification", "description": "", "ects": "3", "semester": null, "created": "2017-10-30T15:07:40.122Z", "modified": "2017-10-30T15:07:41.673Z"}}, {"model": "csyllabusapi.courseprogram", "pk": 2593, "fields": {"course": 862, "program": 37, "created": "2017-10-30T15:07:40.122Z"}}, {"model": "csyllabusapi.courseuniversity", "pk": 2435, "fields": {"course": 862, "university": 7, "created": "2017-10-30T15:07:40.122Z"}}, {"model": "csyllabusapi.course", "pk": 862, "fields": {"name": "Software Generation, Testing, and Maintenance", "description": "Computational techniques for analysis of large, complex datasets, covering fundamental aspects as well as modern data mining and analysis techniques. Cross-listed with ISYE 4245.", "ects": "3", "semester": null, "created": "2017-10-30T15:07:40.122Z", "modified": "2017-10-30T15:07:41.673Z"}}, {"model": "csyllabusapi.courseprogram", "pk": 2594, "fields": {"course": 863, "program": 37, "created": "2017-10-30T15:07:40.122Z"}}, {"model": "csyllabusapi.courseuniversity", "pk": 2436, "fields": {"course": 863, "university": 7, "created": "2017-10-30T15:07:40.122Z"}}, {"model": "csyllabusapi.course", "pk": 863, "fields": {"name": "Advanced Topics in Software Analysis and Testing", "description": "", "ects": "3", "semester": null, "created": "2017-10-30T15:07:40.122Z", "modified": "2017-10-30T15:07:41.673Z"}}, {"model": "csyllabusapi.courseprogram", "pk": 2595, "fields": {"course": 864, "program": 37, "created": "2017-10-30T15:07:40.122Z"}}, {"model": "csyllabusapi.courseuniversity", "pk": 2437, "fields": {"course": 864, "university": 7, "created": "2017-10-30T15:07:40.122Z"}}, {"model": "csyllabusapi.course", "pk": 864, "fields": {"name": "Intro Enterprise Comput.", "description": "Principles of computer networks, including medium access, ARQ protocols, routing, congestion avoidance, and control. Emphasis on design options and tradeoffs. Includes significant network application programming.", "ects": "3", "semester": null, "created": "2017-10-30T15:07:40.122Z", "modified": "2017-10-30T15:07:41.673Z"}}, {"model": "csyllabusapi.courseprogram", "pk": 2596, "fields": {"course": 865, "program": 37, "created": "2017-10-30T15:07:40.122Z"}}, {"model": "csyllabusapi.courseuniversity", "pk": 2438, "fields": {"course": 865, "university": 7, "created": "2017-10-30T15:07:40.122Z"}}, {"model": "csyllabusapi.course", "pk": 865, "fields": {"name": "Programming Language Design", "description": "", "ects": "3", "semester": null, "created": "2017-10-30T15:07:40.122Z", "modified": "2017-10-30T15:07:41.673Z"}}, {"model": "csyllabusapi.courseprogram", "pk": 2597, "fields": {"course": 866, "program": 37, "created": "2017-10-30T15:07:40.122Z"}}, {"model": "csyllabusapi.courseuniversity", "pk": 2439, "fields": {"course": 866, "university": 7, "created": "2017-10-30T15:07:40.122Z"}}, {"model": "csyllabusapi.course", "pk": 866, "fields": {"name": "Database Systems Concepts and Design", "description": "Introduction to SNMP-based network management.  Practical application to network and system management including hands-on lab practice.", "ects": "3", "semester": null, "created": "2017-10-30T15:07:40.122Z", "modified": "2017-10-30T15:07:41.673Z"}}, {"model": "csyllabusapi.courseprogram", "pk": 2598, "fields": {"course": 867, "program": 37, "created": "2017-10-30T15:07:40.122Z"}}, {"model": "csyllabusapi.courseuniversity", "pk": 2440, "fields": {"course": 867, "university": 7, "created": "2017-10-30T15:07:40.122Z"}}, {"model": "csyllabusapi.course", "pk": 867, "fields": {"name": "Databases and Information Security", "description": "", "ects": "3", "semester": null, "created": "2017-10-30T15:07:40.122Z", "modified": "2017-10-30T15:07:41.673Z"}}, {"model": "csyllabusapi.courseprogram", "pk": 2599, "fields": {"course": 868, "program": 37, "created": "2017-10-30T15:07:40.122Z"}}, {"model": "csyllabusapi.courseuniversity", "pk": 2441, "fields": {"course": 868, "university": 7, "created": "2017-10-30T15:07:40.122Z"}}, {"model": "csyllabusapi.course", "pk": 868, "fields": {"name": "Object-Oriented Database Models and Systems", "description": "Study of telecommunication systems emphasizing functional roles of the various portions of the system and how various functional components support and interact with one another.", "ects": "3", "semester": null, "created": "2017-10-30T15:07:40.122Z", "modified": "2017-10-30T15:07:41.673Z"}}, {"model": "csyllabusapi.courseprogram", "pk": 2600, "fields": {"course": 869, "program": 37, "created": "2017-10-30T15:07:40.122Z"}}, {"model": "csyllabusapi.courseuniversity", "pk": 2442, "fields": {"course": 869, "university": 7, "created": "2017-10-30T15:07:40.122Z"}}, {"model": "csyllabusapi.course", "pk": 869, "fields": {"name": "Temporal, Spatial and Active Databases", "description": "", "ects": "3", "semester": null, "created": "2017-10-30T15:07:40.122Z", "modified": "2017-10-30T15:07:41.673Z"}}, {"model": "csyllabusapi.courseprogram", "pk": 2601, "fields": {"course": 870, "program": 37, "created": "2017-10-30T15:07:40.122Z"}}, {"model": "csyllabusapi.courseuniversity", "pk": 2443, "fields": {"course": 870, "university": 7, "created": "2017-10-30T15:07:40.122Z"}}, {"model": "csyllabusapi.course", "pk": 870, "fields": {"name": "Database System Implementation", "description": "This course provides an introduction to mobile applications and services with an emphasis on voice and data service integration in modern commercial networks.", "ects": "3", "semester": null, "created": "2017-10-30T15:07:40.122Z", "modified": "2017-10-30T15:07:41.673Z"}}, {"model": "csyllabusapi.courseprogram", "pk": 2602, "fields": {"course": 871, "program": 37, "created": "2017-10-30T15:07:40.122Z"}}, {"model": "csyllabusapi.courseuniversity", "pk": 2444, "fields": {"course": 871, "university": 7, "created": "2017-10-30T15:07:40.122Z"}}, {"model": "csyllabusapi.course", "pk": 871, "fields": {"name": "Parallel and Distributed Database Systems and Applications", "description": "", "ects": "3", "semester": null, "created": "2017-10-30T15:07:40.122Z", "modified": "2017-10-30T15:07:41.673Z"}}, {"model": "csyllabusapi.courseprogram", "pk": 2603, "fields": {"course": 872, "program": 37, "created": "2017-10-30T15:07:40.122Z"}}, {"model": "csyllabusapi.courseuniversity", "pk": 2445, "fields": {"course": 872, "university": 7, "created": "2017-10-30T15:07:40.122Z"}}, {"model": "csyllabusapi.course", "pk": 872, "fields": {"name": "Information to Health Informatics", "description": "Detailed study of the principles of data transmission systems and their performance, reinforced by laboratory exercises.", "ects": "3", "semester": null, "created": "2017-10-30T15:07:40.122Z", "modified": "2017-10-30T15:07:41.673Z"}}, {"model": "csyllabusapi.courseprogram", "pk": 2604, "fields": {"course": 873, "program": 37, "created": "2017-10-30T15:07:40.122Z"}}, {"model": "csyllabusapi.courseuniversity", "pk": 2446, "fields": {"course": 873, "university": 7, "created": "2017-10-30T15:07:40.122Z"}}, {"model": "csyllabusapi.course", "pk": 873, "fields": {"name": "Introduction to Human-Centered Computing", "description": "", "ects": "3", "semester": null, "created": "2017-10-30T15:07:40.122Z", "modified": "2017-10-30T15:07:41.673Z"}}, {"model": "csyllabusapi.courseprogram", "pk": 2605, "fields": {"course": 874, "program": 37, "created": "2017-10-30T15:07:40.122Z"}}, {"model": "csyllabusapi.courseuniversity", "pk": 2447, "fields": {"course": 874, "university": 7, "created": "2017-10-30T15:07:40.122Z"}}, {"model": "csyllabusapi.course", "pk": 874, "fields": {"name": "Prototyping Interactive Systems", "description": "Overview of telecommunication regulation at the federal, state, and judicial levels; review of FCC policies and restrictions on Bell operating companies under the AT&T Consent Agreement.", "ects": "3", "semester": null, "created": "2017-10-30T15:07:40.122Z", "modified": "2017-10-30T15:07:41.673Z"}}, {"model": "csyllabusapi.courseprogram", "pk": 2606, "fields": {"course": 875, "program": 37, "created": "2017-10-30T15:07:40.122Z"}}, {"model": "csyllabusapi.courseuniversity", "pk": 2448, "fields": {"course": 875, "university": 7, "created": "2017-10-30T15:07:40.122Z"}}, {"model": "csyllabusapi.course", "pk": 875, "fields": {"name": "User Interface Design and Evaluation", "description": "", "ects": "3", "semester": null, "created": "2017-10-30T15:07:40.122Z", "modified": "2017-10-30T15:07:41.673Z"}}, {"model": "csyllabusapi.courseprogram", "pk": 2607, "fields": {"course": 876, "program": 37, "created": "2017-10-30T15:07:40.122Z"}}, {"model": "csyllabusapi.courseuniversity", "pk": 2449, "fields": {"course": 876, "university": 7, "created": "2017-10-30T15:07:40.122Z"}}, {"model": "csyllabusapi.course", "pk": 876, "fields": {"name": "Principles of User Interface Software", "description": "Topics concerning the hardware design of computer systems. Advanced techniques in high-performance pipelined central processing units. Memory and I/O systems. Parallel processors including shared-memory multiprocessors and cluster computers.  Credit is not allowed for both", "ects": "3", "semester": null, "created": "2017-10-30T15:07:40.122Z", "modified": "2017-10-30T15:07:41.673Z"}}, {"model": "csyllabusapi.courseprogram", "pk": 2608, "fields": {"course": 877, "program": 37, "created": "2017-10-30T15:07:40.122Z"}}, {"model": "csyllabusapi.courseuniversity", "pk": 2450, "fields": {"course": 877, "university": 7, "created": "2017-10-30T15:07:40.122Z"}}, {"model": "csyllabusapi.course", "pk": 877, "fields": {"name": "Video Game Design and Programming", "description": "and any of the following courses:", "ects": "3", "semester": null, "created": "2017-10-30T15:07:40.122Z", "modified": "2017-10-30T15:07:41.673Z"}}, {"model": "csyllabusapi.courseprogram", "pk": 2609, "fields": {"course": 878, "program": 37, "created": "2017-10-30T15:07:40.122Z"}}, {"model": "csyllabusapi.courseuniversity", "pk": 2451, "fields": {"course": 878, "university": 7, "created": "2017-10-30T15:07:40.122Z"}}, {"model": "csyllabusapi.course", "pk": 878, "fields": {"name": "Educational Technology: Conceptual Foundations", "description": ",", "ects": "3", "semester": null, "created": "2017-10-30T15:07:40.122Z", "modified": "2017-10-30T15:07:41.673Z"}}, {"model": "csyllabusapi.courseprogram", "pk": 2610, "fields": {"course": 879, "program": 37, "created": "2017-10-30T15:07:40.122Z"}}, {"model": "csyllabusapi.courseuniversity", "pk": 2452, "fields": {"course": 879, "university": 7, "created": "2017-10-30T15:07:40.122Z"}}, {"model": "csyllabusapi.course", "pk": 879, "fields": {"name": "CS Education Research", "description": ",", "ects": "3", "semester": null, "created": "2017-10-30T15:07:40.122Z", "modified": "2017-10-30T15:07:41.673Z"}}, {"model": "csyllabusapi.courseprogram", "pk": 2611, "fields": {"course": 880, "program": 37, "created": "2017-10-30T15:07:40.122Z"}}, {"model": "csyllabusapi.courseuniversity", "pk": 2453, "fields": {"course": 880, "university": 7, "created": "2017-10-30T15:07:40.122Z"}}, {"model": "csyllabusapi.course", "pk": 880, "fields": {"name": "Computational Journalism", "description": ".", "ects": "3", "semester": null, "created": "2017-10-30T15:07:40.122Z", "modified": "2017-10-30T15:07:41.673Z"}}, {"model": "csyllabusapi.courseprogram", "pk": 2612, "fields": {"course": 881, "program": 37, "created": "2017-10-30T15:07:40.122Z"}}, {"model": "csyllabusapi.courseuniversity", "pk": 2454, "fields": {"course": 881, "university": 7, "created": "2017-10-30T15:07:40.122Z"}}, {"model": "csyllabusapi.course", "pk": 881, "fields": {"name": "Design of Online Communities", "description": "", "ects": "3", "semester": null, "created": "2017-10-30T15:07:40.122Z", "modified": "2017-10-30T15:07:41.673Z"}}, {"model": "csyllabusapi.courseprogram", "pk": 2613, "fields": {"course": 882, "program": 37, "created": "2017-10-30T15:07:40.122Z"}}, {"model": "csyllabusapi.courseuniversity", "pk": 2455, "fields": {"course": 882, "university": 7, "created": "2017-10-30T15:07:40.122Z"}}, {"model": "csyllabusapi.course", "pk": 882, "fields": {"name": "Social Computing", "description": "The course will provide students with an overall context in which software systems are developed from the viewpoint of processes that support development.  Software engineering is described as the set of activities developers engage in to create high-quality products within schedule and budget constraints.", "ects": "3", "semester": null, "created": "2017-10-30T15:07:40.122Z", "modified": "2017-10-30T15:07:41.673Z"}}, {"model": "csyllabusapi.courseprogram", "pk": 2614, "fields": {"course": 883, "program": 37, "created": "2017-10-30T15:07:40.122Z"}}, {"model": "csyllabusapi.courseuniversity", "pk": 2456, "fields": {"course": 883, "university": 7, "created": "2017-10-30T15:07:40.122Z"}}, {"model": "csyllabusapi.course", "pk": 883, "fields": {"name": "Computational Photography", "description": "", "ects": "3", "semester": null, "created": "2017-10-30T15:07:40.122Z", "modified": "2017-10-30T15:07:41.673Z"}}, {"model": "csyllabusapi.courseprogram", "pk": 2615, "fields": {"course": 884, "program": 37, "created": "2017-10-30T15:07:40.122Z"}}, {"model": "csyllabusapi.courseuniversity", "pk": 2457, "fields": {"course": 884, "university": 7, "created": "2017-10-30T15:07:40.122Z"}}, {"model": "csyllabusapi.course", "pk": 884, "fields": {"name": "Introduction to Computer Vision GR", "description": "Software engineering methods specific to classes of applications or systems, including information systems and embedded, real-time systems.", "ects": "3", "semester": null, "created": "2017-10-30T15:07:40.122Z", "modified": "2017-10-30T15:07:41.673Z"}}, {"model": "csyllabusapi.courseprogram", "pk": 2616, "fields": {"course": 885, "program": 37, "created": "2017-10-30T15:07:40.122Z"}}, {"model": "csyllabusapi.courseuniversity", "pk": 2458, "fields": {"course": 885, "university": 7, "created": "2017-10-30T15:07:40.122Z"}}, {"model": "csyllabusapi.course", "pk": 885, "fields": {"name": "Computer Visualization Techniques", "description": "", "ects": "3", "semester": null, "created": "2017-10-30T15:07:40.122Z", "modified": "2017-10-30T15:07:41.673Z"}}, {"model": "csyllabusapi.courseprogram", "pk": 2617, "fields": {"course": 886, "program": 37, "created": "2017-10-30T15:07:40.122Z"}}, {"model": "csyllabusapi.courseuniversity", "pk": 2459, "fields": {"course": 886, "university": 7, "created": "2017-10-30T15:07:40.122Z"}}, {"model": "csyllabusapi.course", "pk": 886, "fields": {"name": "Visualization Methods for Science and Engineering", "description": "Methods and principles for program generation, testing, and managing the evolution of software systems.", "ects": "3", "semester": null, "created": "2017-10-30T15:07:40.122Z", "modified": "2017-10-30T15:07:41.673Z"}}, {"model": "csyllabusapi.courseprogram", "pk": 2618, "fields": {"course": 887, "program": 37, "created": "2017-10-30T15:07:40.122Z"}}, {"model": "csyllabusapi.courseuniversity", "pk": 2460, "fields": {"course": 887, "university": 7, "created": "2017-10-30T15:07:40.122Z"}}, {"model": "csyllabusapi.course", "pk": 887, "fields": {"name": "Foundations of Computer Graphics", "description": "", "ects": "3", "semester": null, "created": "2017-10-30T15:07:40.122Z", "modified": "2017-10-30T15:07:41.673Z"}}, {"model": "csyllabusapi.courseprogram", "pk": 2619, "fields": {"course": 888, "program": 37, "created": "2017-10-30T15:07:40.122Z"}}, {"model": "csyllabusapi.courseuniversity", "pk": 2461, "fields": {"course": 888, "university": 7, "created": "2017-10-30T15:07:40.122Z"}}, {"model": "csyllabusapi.course", "pk": 888, "fields": {"name": "Computability, Algorithms, and Complexity", "description": "A survey of basic software tools and techniques used in mission-critical systems and applications, combined with in-depth study of fundamental principles underlying enterprise computing.  Credit not allowed for both 4365 and", "ects": "3", "semester": null, "created": "2017-10-30T15:07:40.122Z", "modified": "2017-10-30T15:07:41.673Z"}}, {"model": "csyllabusapi.courseprogram", "pk": 2620, "fields": {"course": 889, "program": 37, "created": "2017-10-30T15:07:40.122Z"}}, {"model": "csyllabusapi.courseuniversity", "pk": 2462, "fields": {"course": 889, "university": 7, "created": "2017-10-30T15:07:40.122Z"}}, {"model": "csyllabusapi.course", "pk": 889, "fields": {"name": "Computational Complexity Theory", "description": ".", "ects": "3", "semester": null, "created": "2017-10-30T15:07:40.122Z", "modified": "2017-10-30T15:07:41.673Z"}}, {"model": "csyllabusapi.courseprogram", "pk": 2621, "fields": {"course": 890, "program": 37, "created": "2017-10-30T15:07:40.122Z"}}, {"model": "csyllabusapi.courseuniversity", "pk": 2463, "fields": {"course": 890, "university": 7, "created": "2017-10-30T15:07:40.122Z"}}, {"model": "csyllabusapi.course", "pk": 890, "fields": {"name": "Design and Analysis of Algorithms", "description": "", "ects": "3", "semester": null, "created": "2017-10-30T15:07:40.122Z", "modified": "2017-10-30T15:07:41.673Z"}}, {"model": "csyllabusapi.courseprogram", "pk": 2622, "fields": {"course": 891, "program": 37, "created": "2017-10-30T15:07:40.122Z"}}, {"model": "csyllabusapi.courseuniversity", "pk": 2464, "fields": {"course": 891, "university": 7, "created": "2017-10-30T15:07:40.122Z"}}, {"model": "csyllabusapi.course", "pk": 891, "fields": {"name": "Artificial Intelligence", "description": "", "ects": "3", "semester": null, "created": "2017-10-30T15:07:40.122Z", "modified": "2017-10-30T15:07:41.673Z"}}, {"model": "csyllabusapi.courseprogram", "pk": 2623, "fields": {"course": 892, "program": 37, "created": "2017-10-30T15:07:40.122Z"}}, {"model": "csyllabusapi.courseuniversity", "pk": 2465, "fields": {"course": 892, "university": 7, "created": "2017-10-30T15:07:40.122Z"}}, {"model": "csyllabusapi.course", "pk": 892, "fields": {"name": "Distributed Control Algorithms", "description": "Comprehensive coverage of mainstream database concepts such as the entity-relationship model, relational databases, query languages, and database design methodology. Includes a project.  Credit not allowed for both", "ects": "3", "semester": null, "created": "2017-10-30T15:07:40.122Z", "modified": "2017-10-30T15:07:41.673Z"}}, {"model": "csyllabusapi.courseprogram", "pk": 2624, "fields": {"course": 893, "program": 37, "created": "2017-10-30T15:07:40.122Z"}}, {"model": "csyllabusapi.courseuniversity", "pk": 2466, "fields": {"course": 893, "university": 7, "created": "2017-10-30T15:07:40.122Z"}}, {"model": "csyllabusapi.course", "pk": 893, "fields": {"name": "Advanced Internet Computing Systems and Applications", "description": "and", "ects": "3", "semester": null, "created": "2017-10-30T15:07:40.122Z", "modified": "2017-10-30T15:07:41.673Z"}}, {"model": "csyllabusapi.courseprogram", "pk": 2625, "fields": {"course": 894, "program": 37, "created": "2017-10-30T15:07:40.122Z"}}, {"model": "csyllabusapi.courseuniversity", "pk": 2467, "fields": {"course": 894, "university": 7, "created": "2017-10-30T15:07:40.122Z"}}, {"model": "csyllabusapi.course", "pk": 894, "fields": {"name": "Applications of Artificial Intelligence", "description": ".", "ects": "3", "semester": null, "created": "2017-10-30T15:07:40.122Z", "modified": "2017-10-30T15:07:41.673Z"}}, {"model": "csyllabusapi.courseprogram", "pk": 2626, "fields": {"course": 895, "program": 37, "created": "2017-10-30T15:07:40.122Z"}}, {"model": "csyllabusapi.courseuniversity", "pk": 2468, "fields": {"course": 895, "university": 7, "created": "2017-10-30T15:07:40.122Z"}}, {"model": "csyllabusapi.course", "pk": 895, "fields": {"name": "Information Security Strategies and Policies", "description": "", "ects": "3", "semester": null, "created": "2017-10-30T15:07:40.122Z", "modified": "2017-10-30T15:07:41.673Z"}}, {"model": "csyllabusapi.courseprogram", "pk": 2627, "fields": {"course": 896, "program": 37, "created": "2017-10-30T15:07:40.122Z"}}, {"model": "csyllabusapi.courseuniversity", "pk": 2469, "fields": {"course": 896, "university": 7, "created": "2017-10-30T15:07:40.122Z"}}, {"model": "csyllabusapi.course", "pk": 896, "fields": {"name": "Privacy, Technology, Policy, and Law", "description": "Study of fundamental software components/algorithms of a database system, including the file manager, query engine, lock manager, and recovery manager.  Includes a project component.  Credit not allowed for both", "ects": "3", "semester": null, "created": "2017-10-30T15:07:40.122Z", "modified": "2017-10-30T15:07:41.673Z"}}, {"model": "csyllabusapi.courseprogram", "pk": 2628, "fields": {"course": 897, "program": 37, "created": "2017-10-30T15:07:40.122Z"}}, {"model": "csyllabusapi.courseuniversity", "pk": 2470, "fields": {"course": 897, "university": 7, "created": "2017-10-30T15:07:40.122Z"}}, {"model": "csyllabusapi.course", "pk": 897, "fields": {"name": "Human-Computer Interaction", "description": "and", "ects": "3", "semester": null, "created": "2017-10-30T15:07:40.122Z", "modified": "2017-10-30T15:07:41.673Z"}}, {"model": "csyllabusapi.courseprogram", "pk": 2629, "fields": {"course": 898, "program": 37, "created": "2017-10-30T15:07:40.122Z"}}, {"model": "csyllabusapi.courseuniversity", "pk": 2471, "fields": {"course": 898, "university": 7, "created": "2017-10-30T15:07:40.122Z"}}, {"model": "csyllabusapi.course", "pk": 898, "fields": {"name": "Human-Computer Interaction-Professional Preparation and Practice", "description": ".", "ects": "1", "semester": null, "created": "2017-10-30T15:07:40.122Z", "modified": "2017-10-30T15:07:41.673Z"}}, {"model": "csyllabusapi.courseprogram", "pk": 2630, "fields": {"course": 899, "program": 37, "created": "2017-10-30T15:07:40.122Z"}}, {"model": "csyllabusapi.courseuniversity", "pk": 2472, "fields": {"course": 899, "university": 7, "created": "2017-10-30T15:07:40.122Z"}}, {"model": "csyllabusapi.course", "pk": 899, "fields": {"name": "Engineering Data Base Management Systems", "description": "", "ects": "3", "semester": null, "created": "2017-10-30T15:07:40.122Z", "modified": "2017-10-30T15:07:41.673Z"}}, {"model": "csyllabusapi.courseprogram", "pk": 2631, "fields": {"course": 900, "program": 37, "created": "2017-10-30T15:07:40.122Z"}}, {"model": "csyllabusapi.courseuniversity", "pk": 2473, "fields": {"course": 900, "university": 7, "created": "2017-10-30T15:07:40.122Z"}}, {"model": "csyllabusapi.course", "pk": 900, "fields": {"name": "Human-Computer Interaction Foundations", "description": "The analysis, design, and implementation of information systems.  Topics include requirements analysis, design representations, implementation techniques, and evaluation of systems.", "ects": "3", "semester": null, "created": "2017-10-30T15:07:40.122Z", "modified": "2017-10-30T15:07:41.673Z"}}, {"model": "csyllabusapi.courseprogram", "pk": 2632, "fields": {"course": 901, "program": 37, "created": "2017-10-30T15:07:40.122Z"}}, {"model": "csyllabusapi.courseuniversity", "pk": 2474, "fields": {"course": 901, "university": 7, "created": "2017-10-30T15:07:40.122Z"}}, {"model": "csyllabusapi.course", "pk": 901, "fields": {"name": "Design of Design Environments", "description": "", "ects": "3", "semester": null, "created": "2017-10-30T15:07:40.122Z", "modified": "2017-10-30T15:07:41.673Z"}}, {"model": "csyllabusapi.courseprogram", "pk": 2633, "fields": {"course": 902, "program": 37, "created": "2017-10-30T15:07:40.122Z"}}, {"model": "csyllabusapi.courseuniversity", "pk": 2475, "fields": {"course": 902, "university": 7, "created": "2017-10-30T15:07:40.122Z"}}, {"model": "csyllabusapi.course", "pk": 902, "fields": {"name": "Geometric Modeling", "description": "The course will cover current developments including distributed, object-oriented, temporal-spatial, Web-based, mobile, and active database technologies, and data warehousing and mining applications.", "ects": "3", "semester": null, "created": "2017-10-30T15:07:40.122Z", "modified": "2017-10-30T15:07:41.673Z"}}, {"model": "csyllabusapi.courseprogram", "pk": 2634, "fields": {"course": 903, "program": 37, "created": "2017-10-30T15:07:40.122Z"}}, {"model": "csyllabusapi.courseuniversity", "pk": 2476, "fields": {"course": 903, "university": 7, "created": "2017-10-30T15:07:40.122Z"}}, {"model": "csyllabusapi.course", "pk": 903, "fields": {"name": "Mixed Reality Experience Design", "description": "", "ects": "3", "semester": null, "created": "2017-10-30T15:07:40.122Z", "modified": "2017-10-30T15:07:41.673Z"}}, {"model": "csyllabusapi.courseprogram", "pk": 2635, "fields": {"course": 904, "program": 37, "created": "2017-10-30T15:07:40.122Z"}}, {"model": "csyllabusapi.courseuniversity", "pk": 2477, "fields": {"course": 904, "university": 7, "created": "2017-10-30T15:07:40.122Z"}}, {"model": "csyllabusapi.course", "pk": 904, "fields": {"name": "Medical Image Processing", "description": "Introduction to programming and human-centered principles of computing based on a communications and media computation context. Introduces user interface programming.", "ects": "3", "semester": null, "created": "2017-10-30T15:07:40.122Z", "modified": "2017-10-30T15:07:41.673Z"}}, {"model": "csyllabusapi.courseprogram", "pk": 2636, "fields": {"course": 905, "program": 37, "created": "2017-10-30T15:07:40.122Z"}}, {"model": "csyllabusapi.courseuniversity", "pk": 2478, "fields": {"course": 905, "university": 7, "created": "2017-10-30T15:07:40.122Z"}}, {"model": "csyllabusapi.course", "pk": 905, "fields": {"name": "Introduction to Cognitive Science", "description": "", "ects": "3", "semester": null, "created": "2017-10-30T15:07:40.122Z", "modified": "2017-10-30T15:07:41.673Z"}}, {"model": "csyllabusapi.courseprogram", "pk": 2637, "fields": {"course": 906, "program": 37, "created": "2017-10-30T15:07:40.122Z"}}, {"model": "csyllabusapi.courseuniversity", "pk": 2479, "fields": {"course": 906, "university": 7, "created": "2017-10-30T15:07:40.122Z"}}, {"model": "csyllabusapi.course", "pk": 906, "fields": {"name": "HCI Master's Project", "description": "Techniques for electronic game design and programming, including graphics game engines, motion generation, behavioral control for autonomous characters, interaction structure, social and interface issues of multi-user play, and the business aspects of game development.  Credit not allowed for both", "ects": "1-9", "semester": null, "created": "2017-10-30T15:07:40.122Z", "modified": "2017-10-30T15:07:41.673Z"}}, {"model": "csyllabusapi.courseprogram", "pk": 2638, "fields": {"course": 907, "program": 37, "created": "2017-10-30T15:07:40.122Z"}}, {"model": "csyllabusapi.courseuniversity", "pk": 2480, "fields": {"course": 907, "university": 7, "created": "2017-10-30T15:07:40.122Z"}}, {"model": "csyllabusapi.course", "pk": 907, "fields": {"name": "Master's Project", "description": "and", "ects": "1-9", "semester": null, "created": "2017-10-30T15:07:40.122Z", "modified": "2017-10-30T15:07:41.673Z"}}, {"model": "csyllabusapi.courseprogram", "pk": 2639, "fields": {"course": 908, "program": 37, "created": "2017-10-30T15:07:40.122Z"}}, {"model": "csyllabusapi.courseuniversity", "pk": 2481, "fields": {"course": 908, "university": 7, "created": "2017-10-30T15:07:40.122Z"}}, {"model": "csyllabusapi.course", "pk": 908, "fields": {"name": "Computer Sci Elective", "description": ".", "ects": "1-21", "semester": null, "created": "2017-10-30T15:07:40.122Z", "modified": "2017-10-30T15:07:41.673Z"}}, {"model": "csyllabusapi.courseprogram", "pk": 2640, "fields": {"course": 909, "program": 37, "created": "2017-10-30T15:07:40.122Z"}}, {"model": "csyllabusapi.courseuniversity", "pk": 2482, "fields": {"course": 909, "university": 7, "created": "2017-10-30T15:07:40.122Z"}}, {"model": "csyllabusapi.course", "pk": 909, "fields": {"name": "Master's Thesis", "description": "", "ects": "1-21", "semester": null, "created": "2017-10-30T15:07:40.122Z", "modified": "2017-10-30T15:07:41.673Z"}}, {"model": "csyllabusapi.courseprogram", "pk": 2641, "fields": {"course": 910, "program": 37, "created": "2017-10-30T15:07:40.122Z"}}, {"model": "csyllabusapi.courseuniversity", "pk": 2483, "fields": {"course": 910, "university": 7, "created": "2017-10-30T15:07:40.122Z"}}, {"model": "csyllabusapi.course", "pk": 910, "fields": {"name": "Overview of Graduate Studies in Computing", "description": "Introduction to principles and techniques of infomation visualization, the presentation of primarily abstract data to help people understand, analyze and make sense of data. Students will not receive credit for both", "ects": "5", "semester": null, "created": "2017-10-30T15:07:40.122Z", "modified": "2017-10-30T15:07:41.673Z"}}, {"model": "csyllabusapi.courseprogram", "pk": 2642, "fields": {"course": 911, "program": 37, "created": "2017-10-30T15:07:40.122Z"}}, {"model": "csyllabusapi.courseuniversity", "pk": 2484, "fields": {"course": 911, "university": 7, "created": "2017-10-30T15:07:40.122Z"}}, {"model": "csyllabusapi.course", "pk": 911, "fields": {"name": "Parallel Computer Architectures", "description": "and", "ects": "3", "semester": null, "created": "2017-10-30T15:07:40.122Z", "modified": "2017-10-30T15:07:41.673Z"}}, {"model": "csyllabusapi.courseprogram", "pk": 2643, "fields": {"course": 912, "program": 37, "created": "2017-10-30T15:07:40.122Z"}}, {"model": "csyllabusapi.courseuniversity", "pk": 2485, "fields": {"course": 912, "university": 7, "created": "2017-10-30T15:07:40.122Z"}}, {"model": "csyllabusapi.course", "pk": 912, "fields": {"name": "Distributed Computing", "description": ".", "ects": "3", "semester": null, "created": "2017-10-30T15:07:40.122Z", "modified": "2017-10-30T15:07:41.673Z"}}, {"model": "csyllabusapi.courseprogram", "pk": 2644, "fields": {"course": 913, "program": 37, "created": "2017-10-30T15:07:40.122Z"}}, {"model": "csyllabusapi.courseuniversity", "pk": 2486, "fields": {"course": 913, "university": 7, "created": "2017-10-30T15:07:40.122Z"}}, {"model": "csyllabusapi.course", "pk": 913, "fields": {"name": "Systems Software Design, Implementation, and Evaluation", "description": "", "ects": "3", "semester": null, "created": "2017-10-30T15:07:40.122Z", "modified": "2017-10-30T15:07:41.673Z"}}, {"model": "csyllabusapi.courseprogram", "pk": 2645, "fields": {"course": 914, "program": 37, "created": "2017-10-30T15:07:40.122Z"}}, {"model": "csyllabusapi.courseuniversity", "pk": 2487, "fields": {"course": 914, "university": 7, "created": "2017-10-30T15:07:40.122Z"}}, {"model": "csyllabusapi.course", "pk": 914, "fields": {"name": "Broadband Networking Systems", "description": "A study of computational and technological advancements in journalism with emphasis on technologies for developing new tools and their potential impact on news and information.  Credit not allowed for both", "ects": "3", "semester": null, "created": "2017-10-30T15:07:40.122Z", "modified": "2017-10-30T15:07:41.673Z"}}, {"model": "csyllabusapi.courseprogram", "pk": 2646, "fields": {"course": 915, "program": 37, "created": "2017-10-30T15:07:40.122Z"}}, {"model": "csyllabusapi.courseuniversity", "pk": 2488, "fields": {"course": 915, "university": 7, "created": "2017-10-30T15:07:40.122Z"}}, {"model": "csyllabusapi.course", "pk": 915, "fields": {"name": "Internetworking Architectures and Protocols", "description": "and", "ects": "3", "semester": null, "created": "2017-10-30T15:07:40.122Z", "modified": "2017-10-30T15:07:41.673Z"}}, {"model": "csyllabusapi.courseprogram", "pk": 2647, "fields": {"course": 916, "program": 37, "created": "2017-10-30T15:07:40.122Z"}}, {"model": "csyllabusapi.courseuniversity", "pk": 2489, "fields": {"course": 916, "university": 7, "created": "2017-10-30T15:07:40.122Z"}}, {"model": "csyllabusapi.course", "pk": 916, "fields": {"name": "Networked Applications and Services", "description": ".", "ects": "3", "semester": null, "created": "2017-10-30T15:07:40.122Z", "modified": "2017-10-30T15:07:41.673Z"}}, {"model": "csyllabusapi.courseprogram", "pk": 2648, "fields": {"course": 917, "program": 37, "created": "2017-10-30T15:07:40.122Z"}}, {"model": "csyllabusapi.courseuniversity", "pk": 2490, "fields": {"course": 917, "university": 7, "created": "2017-10-30T15:07:40.122Z"}}, {"model": "csyllabusapi.course", "pk": 917, "fields": {"name": "Network Science: Methods and Applications", "description": "", "ects": "3", "semester": null, "created": "2017-10-30T15:07:40.122Z", "modified": "2017-10-30T15:07:41.673Z"}}, {"model": "csyllabusapi.courseprogram", "pk": 2649, "fields": {"course": 918, "program": 37, "created": "2017-10-30T15:07:40.122Z"}}, {"model": "csyllabusapi.courseuniversity", "pk": 2491, "fields": {"course": 918, "university": 7, "created": "2017-10-30T15:07:40.122Z"}}, {"model": "csyllabusapi.course", "pk": 918, "fields": {"name": "Advanced Topics in Microarchitecture and organization of high-performance processors.", "description": "Concepts, techniques, structures, and strategies for implementation of interactive software.", "ects": "3", "semester": null, "created": "2017-10-30T15:07:40.122Z", "modified": "2017-10-30T15:07:41.673Z"}}, {"model": "csyllabusapi.courseprogram", "pk": 2650, "fields": {"course": 919, "program": 37, "created": "2017-10-30T15:07:40.122Z"}}, {"model": "csyllabusapi.courseuniversity", "pk": 2492, "fields": {"course": 919, "university": 7, "created": "2017-10-30T15:07:40.122Z"}}, {"model": "csyllabusapi.course", "pk": 919, "fields": {"name": "Reliability and Security in Computer Architecture", "description": "", "ects": "3", "semester": null, "created": "2017-10-30T15:07:40.122Z", "modified": "2017-10-30T15:07:41.673Z"}}, {"model": "csyllabusapi.courseprogram", "pk": 2651, "fields": {"course": 920, "program": 37, "created": "2017-10-30T15:07:40.122Z"}}, {"model": "csyllabusapi.courseuniversity", "pk": 2493, "fields": {"course": 920, "university": 7, "created": "2017-10-30T15:07:40.122Z"}}, {"model": "csyllabusapi.course", "pk": 920, "fields": {"name": "Information Visualization", "description": "Introduction to the design of online communities.  Students study an existing community in depth.  Credit not allowed for both", "ects": "3", "semester": null, "created": "2017-10-30T15:07:40.122Z", "modified": "2017-10-30T15:07:41.673Z"}}, {"model": "csyllabusapi.courseprogram", "pk": 2652, "fields": {"course": 921, "program": 37, "created": "2017-10-30T15:07:40.122Z"}}, {"model": "csyllabusapi.courseuniversity", "pk": 2494, "fields": {"course": 921, "university": 7, "created": "2017-10-30T15:07:40.122Z"}}, {"model": "csyllabusapi.course", "pk": 921, "fields": {"name": "Issues in Human-Centered Computing", "description": "and", "ects": "3", "semester": null, "created": "2017-10-30T15:07:40.122Z", "modified": "2017-10-30T15:07:41.673Z"}}, {"model": "csyllabusapi.courseprogram", "pk": 2653, "fields": {"course": 922, "program": 37, "created": "2017-10-30T15:07:40.122Z"}}, {"model": "csyllabusapi.courseuniversity", "pk": 2495, "fields": {"course": 922, "university": 7, "created": "2017-10-30T15:07:40.122Z"}}, {"model": "csyllabusapi.course", "pk": 922, "fields": {"name": "Collaborative Computing", "description": ".", "ects": "3", "semester": null, "created": "2017-10-30T15:07:40.122Z", "modified": "2017-10-30T15:07:41.673Z"}}, {"model": "csyllabusapi.courseprogram", "pk": 2654, "fields": {"course": 923, "program": 37, "created": "2017-10-30T15:07:40.122Z"}}, {"model": "csyllabusapi.courseuniversity", "pk": 2496, "fields": {"course": 923, "university": 7, "created": "2017-10-30T15:07:40.122Z"}}, {"model": "csyllabusapi.course", "pk": 923, "fields": {"name": "Educational Technology:  Design and Evaluation", "description": "", "ects": "3", "semester": null, "created": "2017-10-30T15:07:40.122Z", "modified": "2017-10-30T15:07:41.673Z"}}, {"model": "csyllabusapi.courseprogram", "pk": 2655, "fields": {"course": 924, "program": 37, "created": "2017-10-30T15:07:40.122Z"}}, {"model": "csyllabusapi.courseuniversity", "pk": 2497, "fields": {"course": 924, "university": 7, "created": "2017-10-30T15:07:40.122Z"}}, {"model": "csyllabusapi.course", "pk": 924, "fields": {"name": "Computer-Supported Collaborative Learning", "description": "An introductory course on the scientific, technical, perceptual, and aesthetic principles of pictures. Emphasis is on the techniques of image formation, analysis, merging, modification and their use for depiction of reality on a 2D medium of photographs.", "ects": "3", "semester": null, "created": "2017-10-30T15:07:40.122Z", "modified": "2017-10-30T15:07:41.673Z"}}, {"model": "csyllabusapi.courseprogram", "pk": 2656, "fields": {"course": 925, "program": 37, "created": "2017-10-30T15:07:40.122Z"}}, {"model": "csyllabusapi.courseuniversity", "pk": 2498, "fields": {"course": 925, "university": 7, "created": "2017-10-30T15:07:40.122Z"}}, {"model": "csyllabusapi.course", "pk": 925, "fields": {"name": "Mobile and Ubiquitous Computing", "description": "", "ects": "3", "semester": null, "created": "2017-10-30T15:07:40.122Z", "modified": "2017-10-30T15:07:41.673Z"}}, {"model": "csyllabusapi.courseprogram", "pk": 2657, "fields": {"course": 926, "program": 37, "created": "2017-10-30T15:07:40.122Z"}}, {"model": "csyllabusapi.courseuniversity", "pk": 2499, "fields": {"course": 926, "university": 7, "created": "2017-10-30T15:07:40.122Z"}}, {"model": "csyllabusapi.course", "pk": 926, "fields": {"name": "Advanced Computer Vision", "description": "Introduction to computer vision including fundamentals of image formation, camera imaging geometry, feature detection and matching, stereo, motion estimation and tracking, image classification and scene understanding. Credit will not be awarded for both", "ects": "3", "semester": null, "created": "2017-10-30T15:07:40.122Z", "modified": "2017-10-30T15:07:41.673Z"}}, {"model": "csyllabusapi.courseprogram", "pk": 2658, "fields": {"course": 927, "program": 37, "created": "2017-10-30T15:07:40.122Z"}}, {"model": "csyllabusapi.courseuniversity", "pk": 2500, "fields": {"course": 927, "university": 7, "created": "2017-10-30T15:07:40.122Z"}}, {"model": "csyllabusapi.course", "pk": 927, "fields": {"name": "Advanced Computer Graphics", "description": "and", "ects": "3", "semester": null, "created": "2017-10-30T15:07:40.122Z", "modified": "2017-10-30T15:07:41.673Z"}}, {"model": "csyllabusapi.courseprogram", "pk": 2659, "fields": {"course": 928, "program": 37, "created": "2017-10-30T15:07:40.122Z"}}, {"model": "csyllabusapi.courseuniversity", "pk": 2501, "fields": {"course": 928, "university": 7, "created": "2017-10-30T15:07:40.122Z"}}, {"model": "csyllabusapi.course", "pk": 928, "fields": {"name": "3D Complexity Techniques for Graphics, Modeling, and Animation", "description": "or", "ects": "3", "semester": null, "created": "2017-10-30T15:07:40.122Z", "modified": "2017-10-30T15:07:41.673Z"}}, {"model": "csyllabusapi.courseprogram", "pk": 2660, "fields": {"course": 929, "program": 37, "created": "2017-10-30T15:07:40.122Z"}}, {"model": "csyllabusapi.courseuniversity", "pk": 2502, "fields": {"course": 929, "university": 7, "created": "2017-10-30T15:07:40.122Z"}}, {"model": "csyllabusapi.course", "pk": 929, "fields": {"name": "Simulation of Biological Systems", "description": ".", "ects": "3", "semester": null, "created": "2017-10-30T15:07:40.122Z", "modified": "2017-10-30T15:07:41.673Z"}}, {"model": "csyllabusapi.courseprogram", "pk": 2661, "fields": {"course": 930, "program": 37, "created": "2017-10-30T15:07:40.122Z"}}, {"model": "csyllabusapi.courseuniversity", "pk": 2503, "fields": {"course": 930, "university": 7, "created": "2017-10-30T15:07:40.122Z"}}, {"model": "csyllabusapi.course", "pk": 930, "fields": {"name": "Computer Vision", "description": "", "ects": "3", "semester": null, "created": "2017-10-30T15:07:40.122Z", "modified": "2017-10-30T15:07:41.673Z"}}, {"model": "csyllabusapi.courseprogram", "pk": 2662, "fields": {"course": 931, "program": 37, "created": "2017-10-30T15:07:40.122Z"}}, {"model": "csyllabusapi.courseuniversity", "pk": 2504, "fields": {"course": 931, "university": 7, "created": "2017-10-30T15:07:40.122Z"}}, {"model": "csyllabusapi.course", "pk": 931, "fields": {"name": "Computer Animation", "description": "A study of digital multimedia and the analysis and synthesis of digital video.  Special attention paid to techniques for generating video special effects.", "ects": "3", "semester": null, "created": "2017-10-30T15:07:40.122Z", "modified": "2017-10-30T15:07:41.673Z"}}, {"model": "csyllabusapi.courseprogram", "pk": 2663, "fields": {"course": 932, "program": 37, "created": "2017-10-30T15:07:40.122Z"}}, {"model": "csyllabusapi.courseuniversity", "pk": 2505, "fields": {"course": 932, "university": 7, "created": "2017-10-30T15:07:40.122Z"}}, {"model": "csyllabusapi.course", "pk": 932, "fields": {"name": "Virtual Environments", "description": "", "ects": "3", "semester": null, "created": "2017-10-30T15:07:40.122Z", "modified": "2017-10-30T15:07:41.673Z"}}, {"model": "csyllabusapi.courseprogram", "pk": 2664, "fields": {"course": 933, "program": 37, "created": "2017-10-30T15:07:40.122Z"}}, {"model": "csyllabusapi.courseuniversity", "pk": 2506, "fields": {"course": 933, "university": 7, "created": "2017-10-30T15:07:40.122Z"}}, {"model": "csyllabusapi.course", "pk": 933, "fields": {"name": "3D Reconstruction and Mapping in Computer Vision, Robotics, and Augmented Reality", "description": "An introduction to computer vision and machine perception. An intensive study of the process of generating a symbolic description of the scene by interpretation of images(s). Credit not awarded for both", "ects": "3", "semester": null, "created": "2017-10-30T15:07:40.122Z", "modified": "2017-10-30T15:07:41.673Z"}}, {"model": "csyllabusapi.courseprogram", "pk": 2665, "fields": {"course": 934, "program": 37, "created": "2017-10-30T15:07:40.122Z"}}, {"model": "csyllabusapi.courseuniversity", "pk": 2507, "fields": {"course": 934, "university": 7, "created": "2017-10-30T15:07:40.122Z"}}, {"model": "csyllabusapi.course", "pk": 934, "fields": {"name": "Graph Algorithms", "description": "and", "ects": "3", "semester": null, "created": "2017-10-30T15:07:40.122Z", "modified": "2017-10-30T15:07:41.673Z"}}, {"model": "csyllabusapi.courseprogram", "pk": 2666, "fields": {"course": 935, "program": 37, "created": "2017-10-30T15:07:40.122Z"}}, {"model": "csyllabusapi.courseuniversity", "pk": 2508, "fields": {"course": 935, "university": 7, "created": "2017-10-30T15:07:40.122Z"}}, {"model": "csyllabusapi.course", "pk": 935, "fields": {"name": "Approximation Algorithms", "description": ".", "ects": "3", "semester": null, "created": "2017-10-30T15:07:40.122Z", "modified": "2017-10-30T15:07:41.673Z"}}, {"model": "csyllabusapi.courseprogram", "pk": 2667, "fields": {"course": 936, "program": 37, "created": "2017-10-30T15:07:40.122Z"}}, {"model": "csyllabusapi.courseuniversity", "pk": 2509, "fields": {"course": 936, "university": 7, "created": "2017-10-30T15:07:40.122Z"}}, {"model": "csyllabusapi.course", "pk": 936, "fields": {"name": "Algorithmic Game Theory and Economics", "description": "", "ects": "3", "semester": null, "created": "2017-10-30T15:07:40.122Z", "modified": "2017-10-30T15:07:41.673Z"}}, {"model": "csyllabusapi.courseprogram", "pk": 2668, "fields": {"course": 937, "program": 37, "created": "2017-10-30T15:07:40.122Z"}}, {"model": "csyllabusapi.courseuniversity", "pk": 2510, "fields": {"course": 937, "university": 7, "created": "2017-10-30T15:07:40.122Z"}}, {"model": "csyllabusapi.course", "pk": 937, "fields": {"name": "Randomized Algorithms", "description": "Motion techniques for computer animation and interactive games (keyframing, procedural methods, motion capture, and simulation) and principles for storytelling, composition, lighting, and interactivity.", "ects": "3", "semester": null, "created": "2017-10-30T15:07:40.122Z", "modified": "2017-10-30T15:07:41.673Z"}}, {"model": "csyllabusapi.courseprogram", "pk": 2669, "fields": {"course": 938, "program": 37, "created": "2017-10-30T15:07:40.122Z"}}, {"model": "csyllabusapi.courseuniversity", "pk": 2511, "fields": {"course": 938, "university": 7, "created": "2017-10-30T15:07:40.122Z"}}, {"model": "csyllabusapi.course", "pk": 938, "fields": {"name": "Markov Chain Monte Carlo Algorithms", "description": "", "ects": "3", "semester": null, "created": "2017-10-30T15:07:40.122Z", "modified": "2017-10-30T15:07:41.673Z"}}, {"model": "csyllabusapi.courseprogram", "pk": 2670, "fields": {"course": 939, "program": 37, "created": "2017-10-30T15:07:40.122Z"}}, {"model": "csyllabusapi.courseuniversity", "pk": 2512, "fields": {"course": 939, "university": 7, "created": "2017-10-30T15:07:40.122Z"}}, {"model": "csyllabusapi.course", "pk": 939, "fields": {"name": "Spectral Algorithms and Representations", "description": "Computational machine models and their language classes. Undecidability. Resource-bounded computations. Central complexity-theoretic concepts such as complexity classes, reducibility and completeness.", "ects": "3", "semester": null, "created": "2017-10-30T15:07:40.122Z", "modified": "2017-10-30T15:07:41.673Z"}}, {"model": "csyllabusapi.courseprogram", "pk": 2671, "fields": {"course": 940, "program": 37, "created": "2017-10-30T15:07:40.122Z"}}, {"model": "csyllabusapi.courseuniversity", "pk": 2513, "fields": {"course": 940, "university": 7, "created": "2017-10-30T15:07:40.122Z"}}, {"model": "csyllabusapi.course", "pk": 940, "fields": {"name": "Theoretical Foundations of Machine Learning", "description": "", "ects": "3", "semester": null, "created": "2017-10-30T15:07:40.122Z", "modified": "2017-10-30T15:07:41.673Z"}}, {"model": "csyllabusapi.courseprogram", "pk": 2672, "fields": {"course": 941, "program": 37, "created": "2017-10-30T15:07:40.122Z"}}, {"model": "csyllabusapi.courseuniversity", "pk": 2514, "fields": {"course": 941, "university": 7, "created": "2017-10-30T15:07:40.122Z"}}, {"model": "csyllabusapi.course", "pk": 941, "fields": {"name": "Theoretical Foundations of Cryptography", "description": "Approximation algorithms for NP-hard optimization problems, design and analysis techniques for such algorithms.  Credit not allowed for both", "ects": "3", "semester": null, "created": "2017-10-30T15:07:40.122Z", "modified": "2017-10-30T15:07:41.673Z"}}, {"model": "csyllabusapi.courseprogram", "pk": 2673, "fields": {"course": 942, "program": 37, "created": "2017-10-30T15:07:40.122Z"}}, {"model": "csyllabusapi.courseuniversity", "pk": 2515, "fields": {"course": 942, "university": 7, "created": "2017-10-30T15:07:40.122Z"}}, {"model": "csyllabusapi.course", "pk": 942, "fields": {"name": "Modeling and Design", "description": "and", "ects": "3", "semester": null, "created": "2017-10-30T15:07:40.122Z", "modified": "2017-10-30T15:07:41.673Z"}}, {"model": "csyllabusapi.courseprogram", "pk": 2674, "fields": {"course": 943, "program": 37, "created": "2017-10-30T15:07:40.122Z"}}, {"model": "csyllabusapi.courseuniversity", "pk": 2516, "fields": {"course": 943, "university": 7, "created": "2017-10-30T15:07:40.122Z"}}, {"model": "csyllabusapi.course", "pk": 943, "fields": {"name": "AI Problem Solving", "description": ".", "ects": "3", "semester": null, "created": "2017-10-30T15:07:40.122Z", "modified": "2017-10-30T15:07:41.673Z"}}, {"model": "csyllabusapi.courseprogram", "pk": 2675, "fields": {"course": 944, "program": 37, "created": "2017-10-30T15:07:40.122Z"}}, {"model": "csyllabusapi.courseuniversity", "pk": 2517, "fields": {"course": 944, "university": 7, "created": "2017-10-30T15:07:40.122Z"}}, {"model": "csyllabusapi.course", "pk": 944, "fields": {"name": "Artificial Intelligence Planning", "description": "", "ects": "3", "semester": null, "created": "2017-10-30T15:07:40.122Z", "modified": "2017-10-30T15:07:41.673Z"}}, {"model": "csyllabusapi.courseprogram", "pk": 2676, "fields": {"course": 945, "program": 37, "created": "2017-10-30T15:07:40.122Z"}}, {"model": "csyllabusapi.courseuniversity", "pk": 2518, "fields": {"course": 945, "university": 7, "created": "2017-10-30T15:07:40.122Z"}}, {"model": "csyllabusapi.course", "pk": 945, "fields": {"name": "Knowledge Systems Engineering", "description": "Efficient randomized algorithms with improved performance over deterministic algorithms, or for NP-hard optimization problems, design and analysis techniques for such algorithms.  Credit not allowed for both", "ects": "3", "semester": null, "created": "2017-10-30T15:07:40.122Z", "modified": "2017-10-30T15:07:41.673Z"}}, {"model": "csyllabusapi.courseprogram", "pk": 2677, "fields": {"course": 946, "program": 37, "created": "2017-10-30T15:07:40.122Z"}}, {"model": "csyllabusapi.courseuniversity", "pk": 2519, "fields": {"course": 946, "university": 7, "created": "2017-10-30T15:07:40.122Z"}}, {"model": "csyllabusapi.course", "pk": 946, "fields": {"name": "Knowledge Agents", "description": "and", "ects": "3", "semester": null, "created": "2017-10-30T15:07:40.122Z", "modified": "2017-10-30T15:07:41.673Z"}}, {"model": "csyllabusapi.courseprogram", "pk": 2678, "fields": {"course": 947, "program": 37, "created": "2017-10-30T15:07:40.122Z"}}, {"model": "csyllabusapi.courseuniversity", "pk": 2520, "fields": {"course": 947, "university": 7, "created": "2017-10-30T15:07:40.122Z"}}, {"model": "csyllabusapi.course", "pk": 947, "fields": {"name": "Pattern Recognition", "description": ".", "ects": "3", "semester": null, "created": "2017-10-30T15:07:40.122Z", "modified": "2017-10-30T15:07:41.673Z"}}, {"model": "csyllabusapi.courseprogram", "pk": 2679, "fields": {"course": 948, "program": 37, "created": "2017-10-30T15:07:40.122Z"}}, {"model": "csyllabusapi.courseuniversity", "pk": 2521, "fields": {"course": 948, "university": 7, "created": "2017-10-30T15:07:40.122Z"}}, {"model": "csyllabusapi.course", "pk": 948, "fields": {"name": "Case-Based Reasoning", "description": "", "ects": "3", "semester": null, "created": "2017-10-30T15:07:40.122Z", "modified": "2017-10-30T15:07:41.673Z"}}, {"model": "csyllabusapi.courseprogram", "pk": 2680, "fields": {"course": 949, "program": 37, "created": "2017-10-30T15:07:40.122Z"}}, {"model": "csyllabusapi.courseuniversity", "pk": 2522, "fields": {"course": 949, "university": 7, "created": "2017-10-30T15:07:40.122Z"}}, {"model": "csyllabusapi.course", "pk": 949, "fields": {"name": "Autonomous Robotics", "description": "Advanced techniques for designing and analyzing efficient algorithms for combinatorial, algebraic, and number theoretic problems.  Credit not allowed for both", "ects": "3", "semester": null, "created": "2017-10-30T15:07:40.122Z", "modified": "2017-10-30T15:07:41.673Z"}}, {"model": "csyllabusapi.courseprogram", "pk": 2681, "fields": {"course": 950, "program": 37, "created": "2017-10-30T15:07:40.122Z"}}, {"model": "csyllabusapi.courseuniversity", "pk": 2523, "fields": {"course": 950, "university": 7, "created": "2017-10-30T15:07:40.122Z"}}, {"model": "csyllabusapi.course", "pk": 950, "fields": {"name": "Autonomous Multi-Robot Systems", "description": "and", "ects": "3", "semester": null, "created": "2017-10-30T15:07:40.122Z", "modified": "2017-10-30T15:07:41.673Z"}}, {"model": "csyllabusapi.courseprogram", "pk": 2682, "fields": {"course": 951, "program": 37, "created": "2017-10-30T15:07:40.122Z"}}, {"model": "csyllabusapi.courseuniversity", "pk": 2524, "fields": {"course": 951, "university": 7, "created": "2017-10-30T15:07:40.122Z"}}, {"model": "csyllabusapi.course", "pk": 951, "fields": {"name": "Game Artificial Intelligence", "description": ".", "ects": "3", "semester": null, "created": "2017-10-30T15:07:40.122Z", "modified": "2017-10-30T15:07:41.673Z"}}, {"model": "csyllabusapi.courseprogram", "pk": 2683, "fields": {"course": 952, "program": 37, "created": "2017-10-30T15:07:40.122Z"}}, {"model": "csyllabusapi.courseuniversity", "pk": 2525, "fields": {"course": 952, "university": 7, "created": "2017-10-30T15:07:40.122Z"}}, {"model": "csyllabusapi.course", "pk": 952, "fields": {"name": "Human-Robot Interaction", "description": "", "ects": "3", "semester": null, "created": "2017-10-30T15:07:40.122Z", "modified": "2017-10-30T15:07:41.673Z"}}, {"model": "csyllabusapi.courseprogram", "pk": 2684, "fields": {"course": 953, "program": 37, "created": "2017-10-30T15:07:40.122Z"}}, {"model": "csyllabusapi.courseuniversity", "pk": 2526, "fields": {"course": 953, "university": 7, "created": "2017-10-30T15:07:40.122Z"}}, {"model": "csyllabusapi.course", "pk": 953, "fields": {"name": "AI Storytelling in Virtual Worlds", "description": "Foundations and algorithms underlying the development and application of tools for the efficient transmission, analysis, filtering, and visualization of large scientific data sets.", "ects": "3", "semester": null, "created": "2017-10-30T15:07:40.122Z", "modified": "2017-10-30T15:07:41.673Z"}}, {"model": "csyllabusapi.courseprogram", "pk": 2685, "fields": {"course": 954, "program": 37, "created": "2017-10-30T15:07:40.122Z"}}, {"model": "csyllabusapi.courseuniversity", "pk": 2527, "fields": {"course": 954, "university": 7, "created": "2017-10-30T15:07:40.122Z"}}, {"model": "csyllabusapi.course", "pk": 954, "fields": {"name": "Computational Perception", "description": "", "ects": "3", "semester": null, "created": "2017-10-30T15:07:40.122Z", "modified": "2017-10-30T15:07:41.673Z"}}, {"model": "csyllabusapi.courseprogram", "pk": 2686, "fields": {"course": 955, "program": 37, "created": "2017-10-30T15:07:40.122Z"}}, {"model": "csyllabusapi.courseuniversity", "pk": 2528, "fields": {"course": 955, "university": 7, "created": "2017-10-30T15:07:40.122Z"}}, {"model": "csyllabusapi.course", "pk": 955, "fields": {"name": "Knowledge-Based AI", "description": "Technique for verifying, validating and testing software and hardware systems. Topics covered will include modeling, abstraction methods, evaluation and certification, and computer-aided verification methods.", "ects": "3", "semester": null, "created": "2017-10-30T15:07:40.122Z", "modified": "2017-10-30T15:07:41.673Z"}}, {"model": "csyllabusapi.courseprogram", "pk": 2687, "fields": {"course": 956, "program": 37, "created": "2017-10-30T15:07:40.122Z"}}, {"model": "csyllabusapi.courseuniversity", "pk": 2529, "fields": {"course": 956, "university": 7, "created": "2017-10-30T15:07:40.122Z"}}, {"model": "csyllabusapi.course", "pk": 956, "fields": {"name": "Learning in Autonomous Agents", "description": "", "ects": "3", "semester": null, "created": "2017-10-30T15:07:40.122Z", "modified": "2017-10-30T15:07:41.673Z"}}, {"model": "csyllabusapi.courseprogram", "pk": 2688, "fields": {"course": 957, "program": 37, "created": "2017-10-30T15:07:40.122Z"}}, {"model": "csyllabusapi.courseuniversity", "pk": 2530, "fields": {"course": 957, "university": 7, "created": "2017-10-30T15:07:40.122Z"}}, {"model": "csyllabusapi.course", "pk": 957, "fields": {"name": "Machine Learning", "description": "A well-rounded exploration of digital audio and its importance in current research and applications. Exposes students to the principles, technology, and current research of computer audio.", "ects": "3", "semester": null, "created": "2017-10-30T15:07:40.122Z", "modified": "2017-10-30T15:07:41.673Z"}}, {"model": "csyllabusapi.courseprogram", "pk": 2689, "fields": {"course": 958, "program": 37, "created": "2017-10-30T15:07:40.122Z"}}, {"model": "csyllabusapi.courseuniversity", "pk": 2531, "fields": {"course": 958, "university": 7, "created": "2017-10-30T15:07:40.122Z"}}, {"model": "csyllabusapi.course", "pk": 958, "fields": {"name": "Reinforcement Learning and Decision Making", "description": "", "ects": "3", "semester": null, "created": "2017-10-30T15:07:40.122Z", "modified": "2017-10-30T15:07:41.673Z"}}, {"model": "csyllabusapi.courseprogram", "pk": 2690, "fields": {"course": 959, "program": 37, "created": "2017-10-30T15:07:40.122Z"}}, {"model": "csyllabusapi.courseuniversity", "pk": 2532, "fields": {"course": 959, "university": 7, "created": "2017-10-30T15:07:40.122Z"}}, {"model": "csyllabusapi.course", "pk": 959, "fields": {"name": "Deep Learning", "description": "Investigates the infrastructure required to develop mobile and ubiquitous computing applications and establishes major research themes and experimental practices.", "ects": "3", "semester": null, "created": "2017-10-30T15:07:40.122Z", "modified": "2017-10-30T15:07:41.673Z"}}, {"model": "csyllabusapi.courseprogram", "pk": 2691, "fields": {"course": 960, "program": 37, "created": "2017-10-30T15:07:40.122Z"}}, {"model": "csyllabusapi.courseuniversity", "pk": 2533, "fields": {"course": 960, "university": 7, "created": "2017-10-30T15:07:40.122Z"}}, {"model": "csyllabusapi.course", "pk": 960, "fields": {"name": "Numerical Machine Learning", "description": "", "ects": "3", "semester": null, "created": "2017-10-30T15:07:40.122Z", "modified": "2017-10-30T15:07:41.673Z"}}, {"model": "csyllabusapi.courseprogram", "pk": 2692, "fields": {"course": 961, "program": 37, "created": "2017-10-30T15:07:40.122Z"}}, {"model": "csyllabusapi.courseuniversity", "pk": 2534, "fields": {"course": 961, "university": 7, "created": "2017-10-30T15:07:40.122Z"}}, {"model": "csyllabusapi.course", "pk": 961, "fields": {"name": "Machine Learning for Trading", "description": "Basic concepts and methods of AI problem solving, knowledge representation, reasoning, and learning.", "ects": "3", "semester": null, "created": "2017-10-30T15:07:40.122Z", "modified": "2017-10-30T15:07:41.673Z"}}, {"model": "csyllabusapi.courseprogram", "pk": 2693, "fields": {"course": 962, "program": 37, "created": "2017-10-30T15:07:40.122Z"}}, {"model": "csyllabusapi.courseuniversity", "pk": 2535, "fields": {"course": 962, "university": 7, "created": "2017-10-30T15:07:40.122Z"}}, {"model": "csyllabusapi.course", "pk": 962, "fields": {"name": "Robot Intelligence: Planning", "description": "", "ects": "3", "semester": null, "created": "2017-10-30T15:07:40.122Z", "modified": "2017-10-30T15:07:41.673Z"}}, {"model": "csyllabusapi.courseprogram", "pk": 2694, "fields": {"course": 963, "program": 37, "created": "2017-10-30T15:07:40.122Z"}}, {"model": "csyllabusapi.courseuniversity", "pk": 2536, "fields": {"course": 963, "university": 7, "created": "2017-10-30T15:07:40.122Z"}}, {"model": "csyllabusapi.course", "pk": 963, "fields": {"name": "Natural Language", "description": "Techniques for constructing large knowledge-based systems. Advanced symbolic AI techniques. Constraint systems.", "ects": "3", "semester": null, "created": "2017-10-30T15:07:40.122Z", "modified": "2017-10-30T15:07:41.673Z"}}, {"model": "csyllabusapi.courseprogram", "pk": 2695, "fields": {"course": 964, "program": 37, "created": "2017-10-30T15:07:40.122Z"}}, {"model": "csyllabusapi.courseuniversity", "pk": 2537, "fields": {"course": 964, "university": 7, "created": "2017-10-30T15:07:40.122Z"}}, {"model": "csyllabusapi.course", "pk": 964, "fields": {"name": "Philosophy of Cognition", "description": "", "ects": "3", "semester": null, "created": "2017-10-30T15:07:40.122Z", "modified": "2017-10-30T15:07:41.673Z"}}, {"model": "csyllabusapi.courseprogram", "pk": 2696, "fields": {"course": 965, "program": 37, "created": "2017-10-30T15:07:40.122Z"}}, {"model": "csyllabusapi.courseuniversity", "pk": 2538, "fields": {"course": 965, "university": 7, "created": "2017-10-30T15:07:40.122Z"}}, {"model": "csyllabusapi.course", "pk": 965, "fields": {"name": "Cognitive Models of Science and Technology", "description": "Information-processing theories of modeling and design; topics include design decision-making, problem-solving and learning, and knowledge-based modeling and design.", "ects": "3", "semester": null, "created": "2017-10-30T15:07:40.122Z", "modified": "2017-10-30T15:07:41.673Z"}}, {"model": "csyllabusapi.courseprogram", "pk": 2697, "fields": {"course": 966, "program": 37, "created": "2017-10-30T15:07:40.122Z"}}, {"model": "csyllabusapi.courseuniversity", "pk": 2539, "fields": {"course": 966, "university": 7, "created": "2017-10-30T15:07:40.122Z"}}, {"model": "csyllabusapi.course", "pk": 966, "fields": {"name": "Introduction to Robotics Research", "description": "", "ects": "3", "semester": null, "created": "2017-10-30T15:07:40.122Z", "modified": "2017-10-30T15:07:41.673Z"}}, {"model": "csyllabusapi.courseprogram", "pk": 2698, "fields": {"course": 967, "program": 37, "created": "2017-10-30T15:07:40.122Z"}}, {"model": "csyllabusapi.courseuniversity", "pk": 2540, "fields": {"course": 967, "university": 7, "created": "2017-10-30T15:07:40.122Z"}}, {"model": "csyllabusapi.course", "pk": 967, "fields": {"name": "Cognitive Modeling", "description": "An introductory course on pattern classification and decision problems with applications to character recognition, image analysis, and speech recognition.", "ects": "4", "semester": null, "created": "2017-10-30T15:07:40.122Z", "modified": "2017-10-30T15:07:41.673Z"}}, {"model": "csyllabusapi.courseprogram", "pk": 2699, "fields": {"course": 968, "program": 37, "created": "2017-10-30T15:07:40.122Z"}}, {"model": "csyllabusapi.courseuniversity", "pk": 2541, "fields": {"course": 968, "university": 7, "created": "2017-10-30T15:07:40.122Z"}}, {"model": "csyllabusapi.course", "pk": 968, "fields": {"name": "Preparation for Doctoral Qualifying Exams", "description": "", "ects": "1-21", "semester": null, "created": "2017-10-30T15:07:40.122Z", "modified": "2017-10-30T15:07:41.673Z"}}, {"model": "csyllabusapi.courseprogram", "pk": 2700, "fields": {"course": 969, "program": 37, "created": "2017-10-30T15:07:40.122Z"}}, {"model": "csyllabusapi.courseuniversity", "pk": 2542, "fields": {"course": 969, "university": 7, "created": "2017-10-30T15:07:40.122Z"}}, {"model": "csyllabusapi.course", "pk": 969, "fields": {"name": "Seminar", "description": "Based on human problem-solving, CBR has had many successes in industry and research.  Topics include case representation, indexing and retrieval, similarity assessment, adaptation, learning.  Credit not allowed for both", "ects": "1", "semester": null, "created": "2017-10-30T15:07:40.122Z", "modified": "2017-10-30T15:07:41.673Z"}}, {"model": "csyllabusapi.courseprogram", "pk": 2701, "fields": {"course": 970, "program": 37, "created": "2017-10-30T15:07:40.122Z"}}, {"model": "csyllabusapi.courseuniversity", "pk": 2543, "fields": {"course": 970, "university": 7, "created": "2017-10-30T15:07:40.122Z"}}, {"model": "csyllabusapi.course", "pk": 970, "fields": {"name": "Seminar", "description": "and", "ects": "2", "semester": null, "created": "2017-10-30T15:07:40.122Z", "modified": "2017-10-30T15:07:41.673Z"}}, {"model": "csyllabusapi.courseprogram", "pk": 2702, "fields": {"course": 971, "program": 37, "created": "2017-10-30T15:07:40.122Z"}}, {"model": "csyllabusapi.courseuniversity", "pk": 2544, "fields": {"course": 971, "university": 7, "created": "2017-10-30T15:07:40.122Z"}}, {"model": "csyllabusapi.course", "pk": 971, "fields": {"name": "Seminar", "description": ".", "ects": "3", "semester": null, "created": "2017-10-30T15:07:40.122Z", "modified": "2017-10-30T15:07:41.673Z"}}, {"model": "csyllabusapi.courseprogram", "pk": 2703, "fields": {"course": 972, "program": 37, "created": "2017-10-30T15:07:40.122Z"}}, {"model": "csyllabusapi.courseuniversity", "pk": 2545, "fields": {"course": 972, "university": 7, "created": "2017-10-30T15:07:40.122Z"}}, {"model": "csyllabusapi.course", "pk": 972, "fields": {"name": "Seminar", "description": "", "ects": "4", "semester": null, "created": "2017-10-30T15:07:40.122Z", "modified": "2017-10-30T15:07:41.673Z"}}, {"model": "csyllabusapi.courseprogram", "pk": 2704, "fields": {"course": 973, "program": 37, "created": "2017-10-30T15:07:40.122Z"}}, {"model": "csyllabusapi.courseuniversity", "pk": 2546, "fields": {"course": 973, "university": 7, "created": "2017-10-30T15:07:40.122Z"}}, {"model": "csyllabusapi.course", "pk": 973, "fields": {"name": "Seminar", "description": "Explores how human-computer interaction and machine learning can interact to create personalized information environments. Emphasis on current research efforts from both fields.", "ects": "5", "semester": null, "created": "2017-10-30T15:07:40.122Z", "modified": "2017-10-30T15:07:41.673Z"}}, {"model": "csyllabusapi.courseprogram", "pk": 2705, "fields": {"course": 974, "program": 37, "created": "2017-10-30T15:07:40.122Z"}}, {"model": "csyllabusapi.courseuniversity", "pk": 2547, "fields": {"course": 974, "university": 7, "created": "2017-10-30T15:07:40.122Z"}}, {"model": "csyllabusapi.course", "pk": 974, "fields": {"name": "Seminar", "description": "", "ects": "6", "semester": null, "created": "2017-10-30T15:07:40.122Z", "modified": "2017-10-30T15:07:41.673Z"}}, {"model": "csyllabusapi.courseprogram", "pk": 2706, "fields": {"course": 975, "program": 37, "created": "2017-10-30T15:07:40.122Z"}}, {"model": "csyllabusapi.courseuniversity", "pk": 2548, "fields": {"course": 975, "university": 7, "created": "2017-10-30T15:07:40.122Z"}}, {"model": "csyllabusapi.course", "pk": 975, "fields": {"name": "Software Engineering Seminar", "description": "Hands-on course in which students program autonomous mobile robots and solve complex tasks for robot teams.", "ects": "1", "semester": null, "created": "2017-10-30T15:07:40.122Z", "modified": "2017-10-30T15:07:41.673Z"}}, {"model": "csyllabusapi.courseprogram", "pk": 2707, "fields": {"course": 976, "program": 37, "created": "2017-10-30T15:07:40.122Z"}}, {"model": "csyllabusapi.courseuniversity", "pk": 2549, "fields": {"course": 976, "university": 7, "created": "2017-10-30T15:07:40.122Z"}}, {"model": "csyllabusapi.course", "pk": 976, "fields": {"name": "Robotics Research Foundation I", "description": "", "ects": "3", "semester": null, "created": "2017-10-30T15:07:40.122Z", "modified": "2017-10-30T15:07:41.673Z"}}, {"model": "csyllabusapi.courseprogram", "pk": 2708, "fields": {"course": 977, "program": 37, "created": "2017-10-30T15:07:40.122Z"}}, {"model": "csyllabusapi.courseuniversity", "pk": 2550, "fields": {"course": 977, "university": 7, "created": "2017-10-30T15:07:40.122Z"}}, {"model": "csyllabusapi.course", "pk": 977, "fields": {"name": "Robotics Research Foundation II", "description": "Structured knowledge representation; knowledge-based methods of reasoning and learning; problem-solving, modeling and design.", "ects": "3", "semester": null, "created": "2017-10-30T15:07:40.122Z", "modified": "2017-10-30T15:07:41.673Z"}}, {"model": "csyllabusapi.courseprogram", "pk": 2709, "fields": {"course": 978, "program": 37, "created": "2017-10-30T15:07:40.122Z"}}, {"model": "csyllabusapi.courseuniversity", "pk": 2551, "fields": {"course": 978, "university": 7, "created": "2017-10-30T15:07:40.122Z"}}, {"model": "csyllabusapi.course", "pk": 978, "fields": {"name": "Colloquium in Cognitive Sciences", "description": "", "ects": "1", "semester": null, "created": "2017-10-30T15:07:40.122Z", "modified": "2017-10-30T15:07:41.673Z"}}, {"model": "csyllabusapi.courseprogram", "pk": 2710, "fields": {"course": 979, "program": 37, "created": "2017-10-30T15:07:40.122Z"}}, {"model": "csyllabusapi.courseuniversity", "pk": 2552, "fields": {"course": 979, "university": 7, "created": "2017-10-30T15:07:40.122Z"}}, {"model": "csyllabusapi.course", "pk": 979, "fields": {"name": "Special Topics", "description": "Machine learning techniques and applications. Topics include foundational issues; inductive, analytical, numerical, and theoretical approaches; and real-world applications.", "ects": "1", "semester": null, "created": "2017-10-30T15:07:40.122Z", "modified": "2017-10-30T15:07:41.673Z"}}, {"model": "csyllabusapi.courseprogram", "pk": 2711, "fields": {"course": 980, "program": 37, "created": "2017-10-30T15:07:40.122Z"}}, {"model": "csyllabusapi.courseuniversity", "pk": 2553, "fields": {"course": 980, "university": 7, "created": "2017-10-30T15:07:40.122Z"}}, {"model": "csyllabusapi.course", "pk": 980, "fields": {"name": "Special Topics", "description": "", "ects": "2", "semester": null, "created": "2017-10-30T15:07:40.122Z", "modified": "2017-10-30T15:07:41.673Z"}}, {"model": "csyllabusapi.courseprogram", "pk": 2712, "fields": {"course": 981, "program": 37, "created": "2017-10-30T15:07:40.122Z"}}, {"model": "csyllabusapi.courseuniversity", "pk": 2554, "fields": {"course": 981, "university": 7, "created": "2017-10-30T15:07:40.122Z"}}, {"model": "csyllabusapi.course", "pk": 981, "fields": {"name": "Special Topics", "description": "We investigate algorithms for robots and complex systems that make intelligent decisions.  Emphasis on the theoretical and empirical properties of classical, geometric, stochastic/dynamic planning.", "ects": "3", "semester": null, "created": "2017-10-30T15:07:40.122Z", "modified": "2017-10-30T15:07:41.673Z"}}, {"model": "csyllabusapi.courseprogram", "pk": 2713, "fields": {"course": 982, "program": 37, "created": "2017-10-30T15:07:40.122Z"}}, {"model": "csyllabusapi.courseuniversity", "pk": 2555, "fields": {"course": 982, "university": 7, "created": "2017-10-30T15:07:40.122Z"}}, {"model": "csyllabusapi.course", "pk": 982, "fields": {"name": "Special Topics", "description": "", "ects": "4", "semester": null, "created": "2017-10-30T15:07:40.122Z", "modified": "2017-10-30T15:07:41.673Z"}}, {"model": "csyllabusapi.courseprogram", "pk": 2714, "fields": {"course": 983, "program": 37, "created": "2017-10-30T15:07:40.122Z"}}, {"model": "csyllabusapi.courseuniversity", "pk": 2556, "fields": {"course": 983, "university": 7, "created": "2017-10-30T15:07:40.122Z"}}, {"model": "csyllabusapi.course", "pk": 983, "fields": {"name": "Special Topics", "description": "Methodologies for designing systems that comprehend natural language. Topics include lexical analysis, parsing, interpretation of sentences, semantic representation, organization of knowledge, and inference mechanisms.  Credit not allowed for both", "ects": "5", "semester": null, "created": "2017-10-30T15:07:40.122Z", "modified": "2017-10-30T15:07:41.673Z"}}, {"model": "csyllabusapi.courseprogram", "pk": 2715, "fields": {"course": 984, "program": 37, "created": "2017-10-30T15:07:40.122Z"}}, {"model": "csyllabusapi.courseuniversity", "pk": 2557, "fields": {"course": 984, "university": 7, "created": "2017-10-30T15:07:40.122Z"}}, {"model": "csyllabusapi.course", "pk": 984, "fields": {"name": "Special Topics", "description": "and", "ects": "6", "semester": null, "created": "2017-10-30T15:07:40.122Z", "modified": "2017-10-30T15:07:41.673Z"}}, {"model": "csyllabusapi.courseprogram", "pk": 2716, "fields": {"course": 985, "program": 37, "created": "2017-10-30T15:07:40.122Z"}}, {"model": "csyllabusapi.courseuniversity", "pk": 2558, "fields": {"course": 985, "university": 7, "created": "2017-10-30T15:07:40.122Z"}}, {"model": "csyllabusapi.course", "pk": 985, "fields": {"name": "Special Topics in Cognitive Science", "description": ".", "ects": "3", "semester": null, "created": "2017-10-30T15:07:40.122Z", "modified": "2017-10-30T15:07:41.673Z"}}, {"model": "csyllabusapi.courseprogram", "pk": 2717, "fields": {"course": 986, "program": 37, "created": "2017-10-30T15:07:40.122Z"}}, {"model": "csyllabusapi.courseuniversity", "pk": 2559, "fields": {"course": 986, "university": 7, "created": "2017-10-30T15:07:40.122Z"}}, {"model": "csyllabusapi.course", "pk": 986, "fields": {"name": "Special Problems", "description": "", "ects": "1-21", "semester": null, "created": "2017-10-30T15:07:40.122Z", "modified": "2017-10-30T15:07:41.673Z"}}, {"model": "csyllabusapi.courseprogram", "pk": 2718, "fields": {"course": 987, "program": 37, "created": "2017-10-30T15:07:40.122Z"}}, {"model": "csyllabusapi.courseuniversity", "pk": 2560, "fields": {"course": 987, "university": 7, "created": "2017-10-30T15:07:40.122Z"}}, {"model": "csyllabusapi.course", "pk": 987, "fields": {"name": "Special Problems", "description": "Introduction to the theory and practice of educational technology. Covers learning theory applicable to educational technology, explains major research findings.", "ects": "1-21", "semester": null, "created": "2017-10-30T15:07:40.122Z", "modified": "2017-10-30T15:07:41.673Z"}}, {"model": "csyllabusapi.courseprogram", "pk": 2719, "fields": {"course": 988, "program": 37, "created": "2017-10-30T15:07:40.122Z"}}, {"model": "csyllabusapi.courseuniversity", "pk": 2561, "fields": {"course": 988, "university": 7, "created": "2017-10-30T15:07:40.122Z"}}, {"model": "csyllabusapi.course", "pk": 988, "fields": {"name": "Special Problems", "description": "", "ects": "1-21", "semester": null, "created": "2017-10-30T15:07:40.122Z", "modified": "2017-10-30T15:07:41.673Z"}}, {"model": "csyllabusapi.courseprogram", "pk": 2720, "fields": {"course": 989, "program": 37, "created": "2017-10-30T15:07:40.122Z"}}, {"model": "csyllabusapi.courseuniversity", "pk": 2562, "fields": {"course": 989, "university": 7, "created": "2017-10-30T15:07:40.122Z"}}, {"model": "csyllabusapi.course", "pk": 989, "fields": {"name": "Teaching Assistantship", "description": "Intensive project class in which students design, implement, and evaluate a piece of educational technology, applying the theory learned in Introduction  to Educational Technology.", "ects": "1-6", "semester": null, "created": "2017-10-30T15:07:40.122Z", "modified": "2017-10-30T15:07:41.673Z"}}, {"model": "csyllabusapi.courseprogram", "pk": 2721, "fields": {"course": 990, "program": 37, "created": "2017-10-30T15:07:40.122Z"}}, {"model": "csyllabusapi.courseuniversity", "pk": 2563, "fields": {"course": 990, "university": 7, "created": "2017-10-30T15:07:40.122Z"}}, {"model": "csyllabusapi.course", "pk": 990, "fields": {"name": "Research Assistantship", "description": "", "ects": "1-9", "semester": null, "created": "2017-10-30T15:07:40.122Z", "modified": "2017-10-30T15:07:41.673Z"}}, {"model": "csyllabusapi.courseprogram", "pk": 2722, "fields": {"course": 991, "program": 37, "created": "2017-10-30T15:07:40.122Z"}}, {"model": "csyllabusapi.courseuniversity", "pk": 2564, "fields": {"course": 991, "university": 7, "created": "2017-10-30T15:07:40.122Z"}}, {"model": "csyllabusapi.course", "pk": 991, "fields": {"name": "Doctoral Thesis Preparation", "description": "Research and practice in computer-supported collaborative learning. Review of existing systems and research, as well as evaluation and design methods.", "ects": "1-21", "semester": null, "created": "2017-10-30T15:07:40.122Z", "modified": "2017-10-30T15:07:41.673Z"}}, {"model": "csyllabusapi.courseprogram", "pk": 2723, "fields": {"course": 992, "program": 37, "created": "2017-10-30T15:07:40.122Z"}}, {"model": "csyllabusapi.courseuniversity", "pk": 2565, "fields": {"course": 992, "university": 7, "created": "2017-10-30T15:07:40.122Z"}}, {"model": "csyllabusapi.course", "pk": 992, "fields": {"name": "Doctoral Thesis", "description": "", "ects": "1-21", "semester": null, "created": "2017-10-30T15:07:40.122Z", "modified": "2017-10-30T15:07:41.673Z"}}]