[{"model": "csyllabusapi.country", "pk": 7, "fields": {"name": "China", "img": "", "created": "2017-10-30T15:20:51.049Z", "modified": "2017-10-30T15:20:52.235Z"}}, {"model": "csyllabusapi.city", "pk": 14, "fields": {"name": "Hong Kong", "img": "", "created": "2017-10-30T15:20:51.049Z", "modified": "2017-10-30T15:20:52.235Z", "country": 7}}, {"model": "csyllabusapi.university", "pk": 10, "fields": {"name": "Hong Kong University of Science and Technology", "img": "", "created": "2017-10-30T15:05:19.541Z", "modified": "2017-10-30T15:05:20.945Z", "country": 7, "city": 14}}, {"model": "csyllabusapi.program", "pk": 41, "fields": {"name": "Computer Science and Engineering", "study_level": "undergraduate", "created": "2017-10-30T15:07:40.122Z", "modified": "2017-10-30T15:07:41.673Z"}}, {"model": "csyllabusapi.programuniversity", "pk": 41, "fields": {"university": 10, "program": 41, "created": "2017-10-30T15:07:40.122Z"}}, {"model": "csyllabusapi.programcity", "pk": 41, "fields": {"city": 14, "program": 41, "created": "2017-10-30T15:07:40.122Z"}}, {"model": "csyllabusapi.programcountry", "pk": 41, "fields": {"country": 7, "program": 41, "created": "2017-10-30T15:07:40.122Z"}}, {"model": "csyllabusapi.courseprogram", "pk": 3147, "fields": {"course": 1416, "program": 41, "created": "2017-10-30T15:07:40.122Z"}}, {"model": "csyllabusapi.courseuniversity", "pk": 2639, "fields": {"course": 1416, "university": 10, "created": "2017-10-30T15:07:40.122Z"}}, {"model": "csyllabusapi.course", "pk": 1416, "fields": {"name": "Exploring Multimedia and Internet Computing", "description": "This course is an introduction to computers and computing tools. It introduces the organization and basic working mechanism of a computer system, including the development of the trend of modern computer system. It covers the fundamentals of computer hardware design and software application development. The course emphasizes the application of the state-of-the-art software tools to solve problems and present solutions via a range of skills related to multimedia and internet computing tools such as internet, e-mail, WWW, webpage design, computer animation, spread sheet charts/figures, presentations with graphics and animations, etc. The course also covers business, accessibility, and relevant security issues in the use of computers and Internet.", "ects": "3", "semester": null, "created": "2017-10-30T15:07:40.122Z", "modified": "2017-10-30T15:07:41.673Z"}}, {"model": "csyllabusapi.courseprogram", "pk": 3148, "fields": {"course": 1417, "program": 41, "created": "2017-10-30T15:07:40.122Z"}}, {"model": "csyllabusapi.courseuniversity", "pk": 2640, "fields": {"course": 1417, "university": 10, "created": "2017-10-30T15:07:40.122Z"}}, {"model": "csyllabusapi.course", "pk": 1417, "fields": {"name": "Introduction to Computer Science", "description": "This course introduces students to the world of Computer Science. Students will experience a range of fun and interesting areas from the world of computing, such as game programming, web programming, user interface design and computer graphics. These will be explored largely by programming in the Python language.", "ects": "3", "semester": null, "created": "2017-10-30T15:07:40.122Z", "modified": "2017-10-30T15:07:41.673Z"}}, {"model": "csyllabusapi.courseprogram", "pk": 3149, "fields": {"course": 1418, "program": 41, "created": "2017-10-30T15:07:40.122Z"}}, {"model": "csyllabusapi.courseuniversity", "pk": 2641, "fields": {"course": 1418, "university": 10, "created": "2017-10-30T15:07:40.122Z"}}, {"model": "csyllabusapi.course", "pk": 1418, "fields": {"name": "Introduction to Computing with Java", "description": "This course is designed to equip students with the fundamental concepts of programming elements and data abstraction using Java. Students will learn how to write procedural programs using variables, arrays, control statements, loops, recursion, data abstraction and objects using an integrated development environment.", "ects": "3", "semester": null, "created": "2017-10-30T15:07:40.122Z", "modified": "2017-10-30T15:07:41.673Z"}}, {"model": "csyllabusapi.courseprogram", "pk": 3150, "fields": {"course": 1419, "program": 41, "created": "2017-10-30T15:07:40.122Z"}}, {"model": "csyllabusapi.courseuniversity", "pk": 2642, "fields": {"course": 1419, "university": 10, "created": "2017-10-30T15:07:40.122Z"}}, {"model": "csyllabusapi.course", "pk": 1419, "fields": {"name": "Introduction to Computing with Excel VBA", "description": "This course is designed to equip students with the fundamental concepts of programming using the VBA programming language, within the context of the Microsoft Excel program. Students will first learn how to use Excel to analyze and present data, and will then learn how to use VBA code to build powerful programs.", "ects": "3", "semester": null, "created": "2017-10-30T15:07:40.122Z", "modified": "2017-10-30T15:07:41.673Z"}}, {"model": "csyllabusapi.courseprogram", "pk": 3151, "fields": {"course": 1420, "program": 41, "created": "2017-10-30T15:07:40.122Z"}}, {"model": "csyllabusapi.courseuniversity", "pk": 2643, "fields": {"course": 1420, "university": 10, "created": "2017-10-30T15:07:40.122Z"}}, {"model": "csyllabusapi.course", "pk": 1420, "fields": {"name": "Introduction to Mobile Application Development Using Android", "description": "This course provides a basic introduction to mobile application development using the Android platform. It is intended for students who have some prior programming experience, but wish to learn the basics of mobile application development. The course will introduce them to the Android SDK and development environment, Android application components: Activities and their lifecycle, UI design, Multimedia, and 2D graphics support in Android. Students explore these concepts through self-learning course materials and guided laboratory exercises. Graded P or F.", "ects": "1", "semester": null, "created": "2017-10-30T15:07:40.122Z", "modified": "2017-10-30T15:07:41.673Z"}}, {"model": "csyllabusapi.courseprogram", "pk": 3152, "fields": {"course": 1421, "program": 41, "created": "2017-10-30T15:07:40.122Z"}}, {"model": "csyllabusapi.courseuniversity", "pk": 2644, "fields": {"course": 1421, "university": 10, "created": "2017-10-30T15:07:40.122Z"}}, {"model": "csyllabusapi.course", "pk": 1421, "fields": {"name": "C Programming Bridging Course", "description": "This course introduces the C programming language. It is intended for students who already have some experience in computer programming but wish to learn how to apply those programming skills to the C language. The course covers basic programming topics, such as variables, control, loops, and functions, to more advanced topics. Students explore these by self-learning of course materials together with guided programming exercises. Students without the prerequisites but possess relevant programming knowledge may seek instructor's approval for enrolling in the course. Graded P or F.", "ects": "1", "semester": null, "created": "2017-10-30T15:07:40.122Z", "modified": "2017-10-30T15:07:41.673Z"}}, {"model": "csyllabusapi.courseprogram", "pk": 3153, "fields": {"course": 1422, "program": 41, "created": "2017-10-30T15:07:40.122Z"}}, {"model": "csyllabusapi.courseuniversity", "pk": 2645, "fields": {"course": 1422, "university": 10, "created": "2017-10-30T15:07:40.122Z"}}, {"model": "csyllabusapi.course", "pk": 1422, "fields": {"name": "Java Programming Bridging Course", "description": "This course introduces the Java programming language. It is intended for students who already have some experience in computer programming but wish to learn how to apply those programming skills to the Java language. The course covers basic programming topics such as variables, control statements, loops, functions, and object-oriented programming concepts. Students explore these by self-learning of course materials together with guided programming exercises. Students without the prerequisites but possess relevant programming knowledge may seek instructor's approval for enrolling in the course. Graded P or F.", "ects": "1", "semester": null, "created": "2017-10-30T15:07:40.122Z", "modified": "2017-10-30T15:07:41.673Z"}}, {"model": "csyllabusapi.courseprogram", "pk": 3154, "fields": {"course": 1423, "program": 41, "created": "2017-10-30T15:07:40.122Z"}}, {"model": "csyllabusapi.courseuniversity", "pk": 2646, "fields": {"course": 1423, "university": 10, "created": "2017-10-30T15:07:40.122Z"}}, {"model": "csyllabusapi.course", "pk": 1423, "fields": {"name": "Python Programming Bridging Course", "description": "This course introduces the Python programming language. It is intended for students who already have some experience in computer programming but wish to learn how to apply those programming skills to the Python language. The course covers basic programming topics, such as variables, functions and loops, to more advanced topics. Students explore these by self-learning of course materials together with guided programming exercises. Students without the prerequisites but possess relevant programming knowledge may seek instructor's approval for enrolling in the course. Graded P or F.", "ects": "1", "semester": null, "created": "2017-10-30T15:07:40.122Z", "modified": "2017-10-30T15:07:41.673Z"}}, {"model": "csyllabusapi.courseprogram", "pk": 3155, "fields": {"course": 1424, "program": 41, "created": "2017-10-30T15:07:40.122Z"}}, {"model": "csyllabusapi.courseuniversity", "pk": 2647, "fields": {"course": 1424, "university": 10, "created": "2017-10-30T15:07:40.122Z"}}, {"model": "csyllabusapi.course", "pk": 1424, "fields": {"name": "Excel VBA Programming Bridging Course", "description": "This course introduces the VBA programming language, in the context of Microsoft Excel. It is intended for students who already have some experience in computer programming but wish to learn how to apply those programming skills to VBA, within Excel. The course covers basic programming topics, such as variables, functions and loops, to more advanced topics. Appropriate features of the Excel program are also covered. Students explore these by self-learning of course materials together with guided programming exercises. Students without the prerequisites but possess relevant programming knowledge may seek instructor's approval for enrolling in the course. Graded P or F.", "ects": "1", "semester": null, "created": "2017-10-30T15:07:40.122Z", "modified": "2017-10-30T15:07:41.673Z"}}, {"model": "csyllabusapi.courseprogram", "pk": 3156, "fields": {"course": 1425, "program": 41, "created": "2017-10-30T15:07:40.122Z"}}, {"model": "csyllabusapi.courseuniversity", "pk": 2648, "fields": {"course": 1425, "university": 10, "created": "2017-10-30T15:07:40.122Z"}}, {"model": "csyllabusapi.course", "pk": 1425, "fields": {"name": "Academic and Professional Development I", "description": "A compulsory one-year course for students of the Department of Computer Science and Engineering under the three-year degree. This course is designed to provide academic advising to students and to develop their communication skills in interacting with technical and non-technical audiences. Graded P or F.", "ects": "0", "semester": null, "created": "2017-10-30T15:07:40.122Z", "modified": "2017-10-30T15:07:41.673Z"}}, {"model": "csyllabusapi.courseprogram", "pk": 3157, "fields": {"course": 1426, "program": 41, "created": "2017-10-30T15:07:40.122Z"}}, {"model": "csyllabusapi.courseuniversity", "pk": 2649, "fields": {"course": 1426, "university": 10, "created": "2017-10-30T15:07:40.122Z"}}, {"model": "csyllabusapi.course", "pk": 1426, "fields": {"name": "Great Ideas in Computing", "description": "Digital computing technology has brought many sweeping revolutions to our society. This course introduces some great and inspiring ideas in computing in the modern world, and discusses how people use computing tools to create useful solutions for challenging and important problems we are facing. Topics include artificial intelligence, data mining, biometrics, computational complexity, cryptography, efficient search, webpage ranking, network science, computer and society, and computational photography.", "ects": "3", "semester": null, "created": "2017-10-30T15:07:40.122Z", "modified": "2017-10-30T15:07:41.673Z"}}, {"model": "csyllabusapi.courseprogram", "pk": 3158, "fields": {"course": 1427, "program": 41, "created": "2017-10-30T15:07:40.122Z"}}, {"model": "csyllabusapi.courseuniversity", "pk": 2650, "fields": {"course": 1427, "university": 10, "created": "2017-10-30T15:07:40.122Z"}}, {"model": "csyllabusapi.course", "pk": 1427, "fields": {"name": "Exploring and Visualizing Data", "description": "This course teaches concepts and tools for exploring and visualizing data. There are a lot of real-life decision-making problems (e.g., business, logistics, economics, marketing, finance, resource management, forecasting and engineering) which can be formulated using some existing data analysis models. Existing computer science tools such as Microsoft Excel can help us to model and solve these problems easily, and to visualize the solutions.", "ects": "3", "semester": null, "created": "2017-10-30T15:07:40.122Z", "modified": "2017-10-30T15:07:41.673Z"}}, {"model": "csyllabusapi.courseprogram", "pk": 3159, "fields": {"course": 1428, "program": 41, "created": "2017-10-30T15:07:40.122Z"}}, {"model": "csyllabusapi.courseuniversity", "pk": 2651, "fields": {"course": 1428, "university": 10, "created": "2017-10-30T15:07:40.122Z"}}, {"model": "csyllabusapi.course", "pk": 1428, "fields": {"name": "Industrial Experience", "description": "Full-time internship training for a period of at least six weeks in an organization or company recognized by the Department for providing qualified internship training relevant to the computer science and engineering profession. Cantonese or other working languages may be used in off-campus trainings and internships, in some situations. For students of the Department of Computer Science and Engineering in their second year of study or above only. Internship coordinator's approval is required for enrollment in the course. Graded P, PP or F.", "ects": "0", "semester": null, "created": "2017-10-30T15:07:40.122Z", "modified": "2017-10-30T15:07:41.673Z"}}, {"model": "csyllabusapi.courseprogram", "pk": 3160, "fields": {"course": 1429, "program": 41, "created": "2017-10-30T15:07:40.122Z"}}, {"model": "csyllabusapi.courseuniversity", "pk": 2652, "fields": {"course": 1429, "university": 10, "created": "2017-10-30T15:07:40.122Z"}}, {"model": "csyllabusapi.course", "pk": 1429, "fields": {"name": "Industrial Training", "description": "A practical training course in a simulated industrial environment. For students of the Department of Computer Science and Engineering only. Graded P or F.", "ects": "0", "semester": null, "created": "2017-10-30T15:07:40.122Z", "modified": "2017-10-30T15:07:41.673Z"}}, {"model": "csyllabusapi.courseprogram", "pk": 3161, "fields": {"course": 1430, "program": 41, "created": "2017-10-30T15:07:40.122Z"}}, {"model": "csyllabusapi.courseuniversity", "pk": 2653, "fields": {"course": 1430, "university": 10, "created": "2017-10-30T15:07:40.122Z"}}, {"model": "csyllabusapi.course", "pk": 1430, "fields": {"name": "Introduction to Object-oriented Programming", "description": "This course is an introduction to object-\u00ad\u2010oriented programming and data structures. Students will learn abstract data types and their implementation as classes in an object-\u00ad\u2010oriented programming language; static and dynamic construction and destruction of objects; data member and member functions; public interface and encapsulation. It will cover data structures such as stacks, queues, linked lists, and binary trees.", "ects": "4", "semester": null, "created": "2017-10-30T15:07:40.122Z", "modified": "2017-10-30T15:07:41.673Z"}}, {"model": "csyllabusapi.courseprogram", "pk": 3162, "fields": {"course": 1431, "program": 41, "created": "2017-10-30T15:07:40.122Z"}}, {"model": "csyllabusapi.courseuniversity", "pk": 2654, "fields": {"course": 1431, "university": 10, "created": "2017-10-30T15:07:40.122Z"}}, {"model": "csyllabusapi.course", "pk": 1431, "fields": {"name": "Object-Oriented Programming and Data Structures", "description": "To learn the fundamental concepts and techniques behind object-oriented programming.  They include: abstract data types; creation, initialization, and destruction of objects; class hierarchies; polymorphism, inheritance and dynamic binding; generic programming using templates.  To learn the object-oriented view of data structures: linked lists, queues, stacks, trees, and algorithms such as searching and hashing algorithms.", "ects": "4", "semester": null, "created": "2017-10-30T15:07:40.122Z", "modified": "2017-10-30T15:07:41.673Z"}}, {"model": "csyllabusapi.courseprogram", "pk": 3163, "fields": {"course": 1432, "program": 41, "created": "2017-10-30T15:07:40.122Z"}}, {"model": "csyllabusapi.courseuniversity", "pk": 2655, "fields": {"course": 1432, "university": 10, "created": "2017-10-30T15:07:40.122Z"}}, {"model": "csyllabusapi.course", "pk": 1432, "fields": {"name": "Honors Object-Oriented Programming and Data Structures", "description": "This course is an accelerated and intensive course on concepts and techniques behind object-oriented programming (OOP) and data structures using an OOP language. It covers the major materials of COMP2011 and COMP2012, and its curriculum is designed for students with excellent programming background or substantial programming experience. Topics include: functions; pointers; abstract data types and their class implementation; static and dynamic construction and destruction of objects; data member and member functions; public interface and encapsulation; class hierarchies; polymorphism; inheritance and dynamic binding; standard template library; generic programming using templates; object-oriented view of data structures: linked lists, queues, stacks, trees, and their algorithms such as searching, sorting and hashing.", "ects": "5", "semester": null, "created": "2017-10-30T15:07:40.122Z", "modified": "2017-10-30T15:07:41.673Z"}}, {"model": "csyllabusapi.courseprogram", "pk": 3164, "fields": {"course": 1433, "program": 41, "created": "2017-10-30T15:07:40.122Z"}}, {"model": "csyllabusapi.courseuniversity", "pk": 2656, "fields": {"course": 1433, "university": 10, "created": "2017-10-30T15:07:40.122Z"}}, {"model": "csyllabusapi.course", "pk": 1433, "fields": {"name": "Unix and Script Programming", "description": "Unix utilities and file structure; links and symbolic links; data processing and process control in the Unix shell; Shell programming; regular expressions; script programming in the Unix environment.  Laboratory exercises are designed to give hands-on practice with software tools and to increase programmer productivity.", "ects": "3", "semester": null, "created": "2017-10-30T15:07:40.122Z", "modified": "2017-10-30T15:07:41.673Z"}}, {"model": "csyllabusapi.courseprogram", "pk": 3165, "fields": {"course": 1434, "program": 41, "created": "2017-10-30T15:07:40.122Z"}}, {"model": "csyllabusapi.courseuniversity", "pk": 2657, "fields": {"course": 1434, "university": 10, "created": "2017-10-30T15:07:40.122Z"}}, {"model": "csyllabusapi.course", "pk": 1434, "fields": {"name": "Mobile Application Development Projects", "description": "This course is intended to bring together students from different disciplines to focus on coming up with innovative mobile solutions to address domain-specific problems. This will be a student-led project-based course. Teams of students will focus on developing applications to address the needs of specific application domains. Learning additional technical knowledge will be demand-driven in self-learning mode. Students will be supported by technical advisors, which include a faculty member who is the main instructor, as well as instructional assistant(s) and student\r\nhelpers with technical knowledge.", "ects": "3", "semester": null, "created": "2017-10-30T15:07:40.122Z", "modified": "2017-10-30T15:07:41.673Z"}}, {"model": "csyllabusapi.courseprogram", "pk": 3166, "fields": {"course": 1435, "program": 41, "created": "2017-10-30T15:07:40.122Z"}}, {"model": "csyllabusapi.courseuniversity", "pk": 2658, "fields": {"course": 1435, "university": 10, "created": "2017-10-30T15:07:40.122Z"}}, {"model": "csyllabusapi.course", "pk": 1435, "fields": {"name": "Computer Organization", "description": "Inner workings of modern digital computer systems and tradeoffs at the hardware-software interface. Topics include: instructions set design, memory systems, input-output systems, interrupts and exceptions, pipelining, performance and cost analysis, assembly language programming, and a survey of advanced architectures.", "ects": "4", "semester": null, "created": "2017-10-30T15:07:40.122Z", "modified": "2017-10-30T15:07:41.673Z"}}, {"model": "csyllabusapi.courseprogram", "pk": 3167, "fields": {"course": 1436, "program": 41, "created": "2017-10-30T15:07:40.122Z"}}, {"model": "csyllabusapi.courseuniversity", "pk": 2659, "fields": {"course": 1436, "university": 10, "created": "2017-10-30T15:07:40.122Z"}}, {"model": "csyllabusapi.course", "pk": 1436, "fields": {"name": "Discrete Mathematical Tools for Computer Science", "description": "Basic concepts in discrete mathematics needed for the study of computer science: enumeration techniques, basic number theory, logic and proofs, recursion and recurrences, probability theory and graph theory. The approach of this course is specifically computer science application oriented.", "ects": "4", "semester": null, "created": "2017-10-30T15:07:40.122Z", "modified": "2017-10-30T15:07:41.673Z"}}, {"model": "csyllabusapi.courseprogram", "pk": 3168, "fields": {"course": 1437, "program": 41, "created": "2017-10-30T15:07:40.122Z"}}, {"model": "csyllabusapi.courseuniversity", "pk": 2660, "fields": {"course": 1437, "university": 10, "created": "2017-10-30T15:07:40.122Z"}}, {"model": "csyllabusapi.course", "pk": 1437, "fields": {"name": "Honors Discrete Mathematical Tools for Computer Science", "description": "Discrete mathematics needed for the study of computer science: sets, functions; propositional logic, predicate logic, rules of inference, proof techniques; pigeonhole principle, basic and generalized permutations and combinations, binomial coefficients, inclusion-exclusion principle; probability theory, Bayes theorem, expectation, variance, random variables, hashing; cryptography and modular arithmetic, Euclid\u2019s division theorem, multiplicative inverse, divisibility, RSA cryptosystem, Chinese remainder theorem; mathematical induction, strong induction and well-ordering property, recursion, recurrence relations; graph representation, isomorphism, connectivity, Euler paths, Hamilton paths, planarity, graph coloring. Gentle introduction to many discrete mathematical concepts that will appear later in more advanced computer science courses.", "ects": "4", "semester": null, "created": "2017-10-30T15:07:40.122Z", "modified": "2017-10-30T15:07:41.673Z"}}, {"model": "csyllabusapi.courseprogram", "pk": 3169, "fields": {"course": 1438, "program": 41, "created": "2017-10-30T15:07:40.122Z"}}, {"model": "csyllabusapi.courseuniversity", "pk": 2661, "fields": {"course": 1438, "university": 10, "created": "2017-10-30T15:07:40.122Z"}}, {"model": "csyllabusapi.course", "pk": 1438, "fields": {"name": "Academic and Professional Development II", "description": "Continuation of COMP 1900. A compulsory, one year course for students of the Department of Computer Science and Engineering under the three-year degree. Graded P or F.", "ects": "0", "semester": null, "created": "2017-10-30T15:07:40.122Z", "modified": "2017-10-30T15:07:41.673Z"}}, {"model": "csyllabusapi.courseprogram", "pk": 3170, "fields": {"course": 1439, "program": 41, "created": "2017-10-30T15:07:40.122Z"}}, {"model": "csyllabusapi.courseuniversity", "pk": 2662, "fields": {"course": 1439, "university": 10, "created": "2017-10-30T15:07:40.122Z"}}, {"model": "csyllabusapi.course", "pk": 1439, "fields": {"name": "Java Programming", "description": "Introduction to Java programming. Fundamentals include language syntax, object-oriented programming, inheritance, polymorphism, exception handling, multithreading. Standard libraries for input/output, graphics programming, built-in data structures. Programming for events, web, networking, generics.", "ects": "3", "semester": null, "created": "2017-10-30T15:07:40.122Z", "modified": "2017-10-30T15:07:41.673Z"}}, {"model": "csyllabusapi.courseprogram", "pk": 3171, "fields": {"course": 1440, "program": 41, "created": "2017-10-30T15:07:40.122Z"}}, {"model": "csyllabusapi.courseuniversity", "pk": 2663, "fields": {"course": 1440, "university": 10, "created": "2017-10-30T15:07:40.122Z"}}, {"model": "csyllabusapi.course", "pk": 1440, "fields": {"name": "Principles of Programming Languages", "description": "Comparative studies of programming languages, programming language concepts and constructs. Non-imperative programming paradigms: object-oriented, functional, logic, concurrent programming. Basic concepts of program translation and interpretation. Storage allocation and run-time organization.", "ects": "3", "semester": null, "created": "2017-10-30T15:07:40.122Z", "modified": "2017-10-30T15:07:41.673Z"}}, {"model": "csyllabusapi.courseprogram", "pk": 3172, "fields": {"course": 1441, "program": 41, "created": "2017-10-30T15:07:40.122Z"}}, {"model": "csyllabusapi.courseuniversity", "pk": 2664, "fields": {"course": 1441, "university": 10, "created": "2017-10-30T15:07:40.122Z"}}, {"model": "csyllabusapi.course", "pk": 1441, "fields": {"name": "Honors Competitive Programming", "description": "Intensive programming laboratory to equip students with creative problem solving and competitive programming skills. International programming competition-type problems will be used to motivate the study of algorithms, programming, and other topics in computer science. Enrollment in the course requires approval of the course instructor.", "ects": "2", "semester": null, "created": "2017-10-30T15:07:40.122Z", "modified": "2017-10-30T15:07:41.673Z"}}, {"model": "csyllabusapi.courseprogram", "pk": 3173, "fields": {"course": 1442, "program": 41, "created": "2017-10-30T15:07:40.122Z"}}, {"model": "csyllabusapi.courseuniversity", "pk": 2665, "fields": {"course": 1442, "university": 10, "created": "2017-10-30T15:07:40.122Z"}}, {"model": "csyllabusapi.course", "pk": 1442, "fields": {"name": "Software Engineering", "description": "Methods and tools for planning, designing, implementing, validating, and maintaining large software systems. Project work to build a software system as a team, using appropriate software engineering tools and techniques.", "ects": "4", "semester": null, "created": "2017-10-30T15:07:40.122Z", "modified": "2017-10-30T15:07:41.673Z"}}, {"model": "csyllabusapi.courseprogram", "pk": 3174, "fields": {"course": 1443, "program": 41, "created": "2017-10-30T15:07:40.122Z"}}, {"model": "csyllabusapi.courseuniversity", "pk": 2666, "fields": {"course": 1443, "university": 10, "created": "2017-10-30T15:07:40.122Z"}}, {"model": "csyllabusapi.course", "pk": 1443, "fields": {"name": "Honors Software Engineering", "description": "General methodologies, techniques, and tools for planning, designing, implementing, validating, and maintaining large-scale software systems. Collaborative development environment, automatic static analysis, and testing techniques. Open source project development methodologies and techniques.", "ects": "4", "semester": null, "created": "2017-10-30T15:07:40.122Z", "modified": "2017-10-30T15:07:41.673Z"}}, {"model": "csyllabusapi.courseprogram", "pk": 3175, "fields": {"course": 1444, "program": 41, "created": "2017-10-30T15:07:40.122Z"}}, {"model": "csyllabusapi.courseuniversity", "pk": 2667, "fields": {"course": 1444, "university": 10, "created": "2017-10-30T15:07:40.122Z"}}, {"model": "csyllabusapi.course", "pk": 1444, "fields": {"name": "Fundamentals of Artificial Intelligence", "description": "Foundations underlying design of intelligent systems. Relations between logical, statistical, cognitive, biological paradigms; basic techniques for heuristic search, theorem proving, knowledge representation, adaptation; applications in vision, language, planning, expert systems.", "ects": "3", "semester": null, "created": "2017-10-30T15:07:40.122Z", "modified": "2017-10-30T15:07:41.673Z"}}, {"model": "csyllabusapi.courseprogram", "pk": 3176, "fields": {"course": 1445, "program": 41, "created": "2017-10-30T15:07:40.122Z"}}, {"model": "csyllabusapi.courseuniversity", "pk": 2668, "fields": {"course": 1445, "university": 10, "created": "2017-10-30T15:07:40.122Z"}}, {"model": "csyllabusapi.course", "pk": 1445, "fields": {"name": "Database Management Systems", "description": "Principles of database systems; conceptual modeling and data models; logical and physical database design; query languages and query processing; database services including concurrency, crash recovery, security and integrity. Hands-on DBMS experience.", "ects": "3", "semester": null, "created": "2017-10-30T15:07:40.122Z", "modified": "2017-10-30T15:07:41.673Z"}}, {"model": "csyllabusapi.courseprogram", "pk": 3177, "fields": {"course": 1446, "program": 41, "created": "2017-10-30T15:07:40.122Z"}}, {"model": "csyllabusapi.courseuniversity", "pk": 2669, "fields": {"course": 1446, "university": 10, "created": "2017-10-30T15:07:40.122Z"}}, {"model": "csyllabusapi.course", "pk": 1446, "fields": {"name": "Operating Systems", "description": "Principles, purpose and structure of operating systems; processes, threads, and multi-threaded programming; CPU scheduling; synchronization, mutual exclusion; memory management and virtual memory; device management; file systems, security and protection.", "ects": "3", "semester": null, "created": "2017-10-30T15:07:40.122Z", "modified": "2017-10-30T15:07:41.673Z"}}, {"model": "csyllabusapi.courseprogram", "pk": 3178, "fields": {"course": 1447, "program": 41, "created": "2017-10-30T15:07:40.122Z"}}, {"model": "csyllabusapi.courseuniversity", "pk": 2670, "fields": {"course": 1447, "university": 10, "created": "2017-10-30T15:07:40.122Z"}}, {"model": "csyllabusapi.course", "pk": 1447, "fields": {"name": "Principles of Cybersecurity", "description": "This course is an introduction to the principles of cybersecurity. Cybersecurity, also called computer security or IT security, refers to the study of techniques to protect computing systems from attacks that threaten data confidentiality, system integrity and availability. By modeling, analyzing, and evaluating the security of computer systems, students will learn to find weaknesses in software, hardware, networks, data storage systems, mobile applications, and the Internet, and identify current security practices and defenses to protect these systems.", "ects": "3", "semester": null, "created": "2017-10-30T15:07:40.122Z", "modified": "2017-10-30T15:07:41.673Z"}}, {"model": "csyllabusapi.courseprogram", "pk": 3179, "fields": {"course": 1448, "program": 41, "created": "2017-10-30T15:07:40.122Z"}}, {"model": "csyllabusapi.courseuniversity", "pk": 2671, "fields": {"course": 1448, "university": 10, "created": "2017-10-30T15:07:40.122Z"}}, {"model": "csyllabusapi.course", "pk": 1448, "fields": {"name": "Design and Analysis of Algorithms", "description": "Techniques for designing algorithms, proving their correctness, and analyzing their running times. Topics covered include: sorting, selection, heaps, balanced search trees, divide-and-conquer, greedy algorithms, dynamic programming, and graph algorithms.", "ects": "3", "semester": null, "created": "2017-10-30T15:07:40.122Z", "modified": "2017-10-30T15:07:41.673Z"}}, {"model": "csyllabusapi.courseprogram", "pk": 3180, "fields": {"course": 1449, "program": 41, "created": "2017-10-30T15:07:40.122Z"}}, {"model": "csyllabusapi.courseuniversity", "pk": 2672, "fields": {"course": 1449, "university": 10, "created": "2017-10-30T15:07:40.122Z"}}, {"model": "csyllabusapi.course", "pk": 1449, "fields": {"name": "Honors Design and Analysis of Algorithms", "description": "Techniques for designing algorithms, proving their correctness, and analyzing their running times. Topics covered include: sorting, selection, heaps, balanced search trees, divide-and-conquer, greedy algorithms, dynamic programming, and graph algorithms. The class will also provide an introduction to advanced techniques such as amortized analysis and the design of randomized and approximation algorithms, as well as providing exposure to more advanced algorithmic solutions to optimization problems, e.g. linear programming and network flow.", "ects": "4", "semester": null, "created": "2017-10-30T15:07:40.122Z", "modified": "2017-10-30T15:07:41.673Z"}}, {"model": "csyllabusapi.courseprogram", "pk": 3181, "fields": {"course": 1450, "program": 41, "created": "2017-10-30T15:07:40.122Z"}}, {"model": "csyllabusapi.courseuniversity", "pk": 2673, "fields": {"course": 1450, "university": 10, "created": "2017-10-30T15:07:40.122Z"}}, {"model": "csyllabusapi.course", "pk": 1450, "fields": {"name": "Theory of Computation", "description": "This course is an introduction to the foundation of computation. Topics covered include set theory and  countability, formal languages, finite automata and regular languages, pushdown automata and context-free languages, Turing machines, undecidability, P and NP, NP completeness.", "ects": "3", "semester": null, "created": "2017-10-30T15:07:40.122Z", "modified": "2017-10-30T15:07:41.673Z"}}, {"model": "csyllabusapi.courseprogram", "pk": 3182, "fields": {"course": 1451, "program": 41, "created": "2017-10-30T15:07:40.122Z"}}, {"model": "csyllabusapi.courseuniversity", "pk": 2674, "fields": {"course": 1451, "university": 10, "created": "2017-10-30T15:07:40.122Z"}}, {"model": "csyllabusapi.course", "pk": 1451, "fields": {"name": "Academic and Professional Development III", "description": "Continuation of COMP 2900. A compulsory, one year course for students of the Department of Computer Science and Engineering under the three-year degree. Graded P or F.", "ects": "0", "semester": null, "created": "2017-10-30T15:07:40.122Z", "modified": "2017-10-30T15:07:41.673Z"}}, {"model": "csyllabusapi.courseprogram", "pk": 3183, "fields": {"course": 1452, "program": 41, "created": "2017-10-30T15:07:40.122Z"}}, {"model": "csyllabusapi.courseuniversity", "pk": 2675, "fields": {"course": 1452, "university": 10, "created": "2017-10-30T15:07:40.122Z"}}, {"model": "csyllabusapi.course", "pk": 1452, "fields": {"name": "Internet Computing", "description": "Technologies and standards for World Wide Web (WWW), user interfaces and Browsers, authoring tools, Internet protocols, Internet servers, database connectivity, Robots, Search engines, server-side programming, client-side programming, security and privacy, recent advances.", "ects": "3", "semester": null, "created": "2017-10-30T15:07:40.122Z", "modified": "2017-10-30T15:07:41.673Z"}}, {"model": "csyllabusapi.courseprogram", "pk": 3184, "fields": {"course": 1453, "program": 41, "created": "2017-10-30T15:07:40.122Z"}}, {"model": "csyllabusapi.courseuniversity", "pk": 2676, "fields": {"course": 1453, "university": 10, "created": "2017-10-30T15:07:40.122Z"}}, {"model": "csyllabusapi.course", "pk": 1453, "fields": {"name": "Software Engineering Practices", "description": "This course provides students with the exposure of effective real-world software engineering practices and the underlying concepts via working around a realistic modern software system and applying popular tools and practices in industry. Students will gain experience in collaborative software development as well as the skills required to succeed as software professional. Topics of the course cover advanced software engineering concepts, project setup, code management, testing, defect analysis, quality metrics, and issue management. For students of the Department of Computer Science and Engineering only.", "ects": "3", "semester": null, "created": "2017-10-30T15:07:40.122Z", "modified": "2017-10-30T15:07:41.673Z"}}, {"model": "csyllabusapi.courseprogram", "pk": 3185, "fields": {"course": 1454, "program": 41, "created": "2017-10-30T15:07:40.122Z"}}, {"model": "csyllabusapi.courseuniversity", "pk": 2677, "fields": {"course": 1454, "university": 10, "created": "2017-10-30T15:07:40.122Z"}}, {"model": "csyllabusapi.course", "pk": 1454, "fields": {"name": "Machine Learning", "description": "Fundamentals of machine learning. Concept learning. Evaluating hypotheses. Supervised learning, unsupervised learning and reinforcement learning. Bayesian learning. Ensemble Methods. Deep learning.", "ects": "3", "semester": null, "created": "2017-10-30T15:07:40.122Z", "modified": "2017-10-30T15:07:41.673Z"}}, {"model": "csyllabusapi.courseprogram", "pk": 3186, "fields": {"course": 1455, "program": 41, "created": "2017-10-30T15:07:40.122Z"}}, {"model": "csyllabusapi.courseuniversity", "pk": 2678, "fields": {"course": 1455, "university": 10, "created": "2017-10-30T15:07:40.122Z"}}, {"model": "csyllabusapi.course", "pk": 1455, "fields": {"name": "Introduction to Natural Language Processing", "description": "Human language technology for text and spoken language. Machine learning, syntactic parsing, semantic interpretation, and context-based approaches to machine translation, text mining, and web search.", "ects": "3", "semester": null, "created": "2017-10-30T15:07:40.122Z", "modified": "2017-10-30T15:07:41.673Z"}}, {"model": "csyllabusapi.courseprogram", "pk": 3187, "fields": {"course": 1456, "program": 41, "created": "2017-10-30T15:07:40.122Z"}}, {"model": "csyllabusapi.courseuniversity", "pk": 2679, "fields": {"course": 1456, "university": 10, "created": "2017-10-30T15:07:40.122Z"}}, {"model": "csyllabusapi.course", "pk": 1456, "fields": {"name": "Principles of Database Design", "description": "Data modeling concepts; conceptual, logical and physical design; analyzing, evaluating and improving schemas; schema documentation and maintenance; functional analysis; design tools; schema mappings; database tuning; distributed database design.", "ects": "3", "semester": null, "created": "2017-10-30T15:07:40.122Z", "modified": "2017-10-30T15:07:41.673Z"}}, {"model": "csyllabusapi.courseprogram", "pk": 3188, "fields": {"course": 1457, "program": 41, "created": "2017-10-30T15:07:40.122Z"}}, {"model": "csyllabusapi.courseuniversity", "pk": 2680, "fields": {"course": 1457, "university": 10, "created": "2017-10-30T15:07:40.122Z"}}, {"model": "csyllabusapi.course", "pk": 1457, "fields": {"name": "Search Engines for Web and Enterprise Data", "description": "Text retrieval models, vector space model, document ranking, performance evaluation; indexing, pattern matching, relevance feedback, clustering; web search engines, authority-based ranking; enterprise data management, content creation, meta data, taxonomy, ontology; semantic web, digital libraries and knowledge management applications.", "ects": "3", "semester": null, "created": "2017-10-30T15:07:40.122Z", "modified": "2017-10-30T15:07:41.673Z"}}, {"model": "csyllabusapi.courseprogram", "pk": 3189, "fields": {"course": 1458, "program": 41, "created": "2017-10-30T15:07:40.122Z"}}, {"model": "csyllabusapi.courseuniversity", "pk": 2681, "fields": {"course": 1458, "university": 10, "created": "2017-10-30T15:07:40.122Z"}}, {"model": "csyllabusapi.course", "pk": 1458, "fields": {"name": "Data Mining", "description": "This course will provide an introduction to concepts and techniques in the field of data mining. Materials include an introduction to data warehousing and OLAP, data preprocessing and the techniques used to explore the large quantities of data for the discovery of predictive models and knowledge. The course will include techniques such as nearest neighbor, decision tress, neural networks, Bayesian networks and Naive Bayes, rule-based methods, association analysis and clustering, as well as social networks and data mining applications in business and finance applications, and other emerging data mining subareas. Students learn the materials by attending lectures and implementing and applying different data analysis and mining techniques to large datasets throughout the semester.", "ects": "3", "semester": null, "created": "2017-10-30T15:07:40.122Z", "modified": "2017-10-30T15:07:41.673Z"}}, {"model": "csyllabusapi.courseprogram", "pk": 3190, "fields": {"course": 1459, "program": 41, "created": "2017-10-30T15:07:40.122Z"}}, {"model": "csyllabusapi.courseuniversity", "pk": 2682, "fields": {"course": 1459, "university": 10, "created": "2017-10-30T15:07:40.122Z"}}, {"model": "csyllabusapi.course", "pk": 1459, "fields": {"name": "Big Data Mining and Management", "description": "This course will expose students to new and practical issues of real world mining and managing big data. Data mining and management is to effectively support storage, retrieval, and extracting implicit, previously unknown, and potentially useful knowledge from data. This course will place emphasis on two parts. The first part is big data issues such as mining and managing on distributed data, sampling on big data and using some cloud computing techniques on big data. The second part is applications of the techniques learnt on areas such as business intelligence, science and engineering, which aims to uncover facts and patterns in large volumes of data for decision support. This course builds on basic knowledge gained in the introductory data-mining course, and explores how to more effectively mine and manage large volumes of real-world data and to tap into large quantities of data. Working on real world data sets, students will experience all steps of a data-mining and management project, beginning with problem definition and data selection, and continuing through data management, data exploration, data transformation, sampling, portioning, modeling, and assessment.", "ects": "3", "semester": null, "created": "2017-10-30T15:07:40.122Z", "modified": "2017-10-30T15:07:41.673Z"}}, {"model": "csyllabusapi.courseprogram", "pk": 3191, "fields": {"course": 1460, "program": 41, "created": "2017-10-30T15:07:40.122Z"}}, {"model": "csyllabusapi.courseuniversity", "pk": 2683, "fields": {"course": 1460, "university": 10, "created": "2017-10-30T15:07:40.122Z"}}, {"model": "csyllabusapi.course", "pk": 1460, "fields": {"name": "Computer Graphics", "description": "Display technologies; scan conversion; clipping; affine transformations; homogeneous coordinates and projection; viewing transformations; hidden surface removal; reflectance and shading models; ray tracing; spline curves and surfaces; hierarchical modeling; texture mapping; color models.", "ects": "3", "semester": null, "created": "2017-10-30T15:07:40.122Z", "modified": "2017-10-30T15:07:41.673Z"}}, {"model": "csyllabusapi.courseprogram", "pk": 3192, "fields": {"course": 1461, "program": 41, "created": "2017-10-30T15:07:40.122Z"}}, {"model": "csyllabusapi.courseuniversity", "pk": 2684, "fields": {"course": 1461, "university": 10, "created": "2017-10-30T15:07:40.122Z"}}, {"model": "csyllabusapi.course", "pk": 1461, "fields": {"name": "Image Processing", "description": "Introduction to image processing. Topics include image processing and analysis in spatial and frequency domains, image restoration and compression, image segmentation and registration, morphological image processing, representation and description, object recognition, related application areas and some other closely related topics. Some sophisticated image processing and analysis tools and state-of-the-art methods may also be introduced subject to the availability of time.", "ects": "3", "semester": null, "created": "2017-10-30T15:07:40.122Z", "modified": "2017-10-30T15:07:41.673Z"}}, {"model": "csyllabusapi.courseprogram", "pk": 3193, "fields": {"course": 1462, "program": 41, "created": "2017-10-30T15:07:40.122Z"}}, {"model": "csyllabusapi.courseuniversity", "pk": 2685, "fields": {"course": 1462, "university": 10, "created": "2017-10-30T15:07:40.122Z"}}, {"model": "csyllabusapi.course", "pk": 1462, "fields": {"name": "Multimedia Computing", "description": "Color theory; digital audio, image and video fundamentals, representation, and processing; digital multimedia applications and programming.", "ects": "3", "semester": null, "created": "2017-10-30T15:07:40.122Z", "modified": "2017-10-30T15:07:41.673Z"}}, {"model": "csyllabusapi.courseprogram", "pk": 3194, "fields": {"course": 1463, "program": 41, "created": "2017-10-30T15:07:40.122Z"}}, {"model": "csyllabusapi.courseuniversity", "pk": 2686, "fields": {"course": 1463, "university": 10, "created": "2017-10-30T15:07:40.122Z"}}, {"model": "csyllabusapi.course", "pk": 1463, "fields": {"name": "Computer Music", "description": "An introductory course in the technology of computer music. Music representation, music theory, musical acoustics, spectral analysis, sound synthesis techniques, sound modification techniques and effects. No previous musical background required, but helpful.", "ects": "3", "semester": null, "created": "2017-10-30T15:07:40.122Z", "modified": "2017-10-30T15:07:41.673Z"}}, {"model": "csyllabusapi.courseprogram", "pk": 3195, "fields": {"course": 1464, "program": 41, "created": "2017-10-30T15:07:40.122Z"}}, {"model": "csyllabusapi.courseuniversity", "pk": 2687, "fields": {"course": 1464, "university": 10, "created": "2017-10-30T15:07:40.122Z"}}, {"model": "csyllabusapi.course", "pk": 1464, "fields": {"name": "Game Programming", "description": "Computer game development touches on many facets of computer science, including computer graphics, artificial intelligence, algorithms, networking, human-computer interaction, music, and sound. This course will cover all of these aspects, with special emphasis on real-time graphics rendering. Students will get hands-on experience on how to design and implement real-world computer games, which will help improve their skills in programming, teamwork, management, and communication.", "ects": "3", "semester": null, "created": "2017-10-30T15:07:40.122Z", "modified": "2017-10-30T15:07:41.673Z"}}, {"model": "csyllabusapi.courseprogram", "pk": 3196, "fields": {"course": 1465, "program": 41, "created": "2017-10-30T15:07:40.122Z"}}, {"model": "csyllabusapi.courseuniversity", "pk": 2688, "fields": {"course": 1465, "university": 10, "created": "2017-10-30T15:07:40.122Z"}}, {"model": "csyllabusapi.course", "pk": 1465, "fields": {"name": "Human-Computer Interaction", "description": "This course is a broad introduction to Human-Computer Interaction (HCI), with an emphasis on techniques, models, theories, and applications for designing, prototyping, and evaluating current and future interactive systems for human use. HCI is an interesting and important area of study, providing the human perspective to computing. Besides technology and innovation, it also touches on issues like ethics and social responsibilities related to technologies in the real world. Selected topics include multimodal interaction design, usability evaluation, computer-supported cooperative work, assistive technologies, social computing, crowd computing, ubiquitous/mobile computing, virtual/augmented reality and gaming, agents and robots, and HCI applications in various domains such as education, health, urban sustainability, scientific discoveries, etc.", "ects": "3", "semester": null, "created": "2017-10-30T15:07:40.122Z", "modified": "2017-10-30T15:07:41.673Z"}}, {"model": "csyllabusapi.courseprogram", "pk": 3197, "fields": {"course": 1466, "program": 41, "created": "2017-10-30T15:07:40.122Z"}}, {"model": "csyllabusapi.courseuniversity", "pk": 2689, "fields": {"course": 1466, "university": 10, "created": "2017-10-30T15:07:40.122Z"}}, {"model": "csyllabusapi.course", "pk": 1466, "fields": {"name": "System and Kernel Programming in Linux", "description": "This course is designed to equip students, who have a particular interest in becoming practitioners, with substantial hands-on experience in solving concrete problems in a computer operating system, via programming, in a laboratory intensive course. Students will notably experiment with many topics in the areas of operating systems and network protocols, such as: boot loaders, shell, process management, system calls, process scheduler, file system, virtual memory, network protocols and packet filtering, system modules and device drivers. For students of the Department of Computer Science and Engineering only.", "ects": "3", "semester": null, "created": "2017-10-30T15:07:40.122Z", "modified": "2017-10-30T15:07:41.673Z"}}, {"model": "csyllabusapi.courseprogram", "pk": 3198, "fields": {"course": 1467, "program": 41, "created": "2017-10-30T15:07:40.122Z"}}, {"model": "csyllabusapi.courseuniversity", "pk": 2690, "fields": {"course": 1467, "university": 10, "created": "2017-10-30T15:07:40.122Z"}}, {"model": "csyllabusapi.course", "pk": 1467, "fields": {"name": "Mobile Application Development", "description": "Principles of application development for mobile and embedded devices. Mobile software development environments and software architectures. Features of typical mobile platforms: user-interface and user-experience design, multimedia, 2D and 3D graphics and data storage support, networking, location and mapping services. Design patterns and application frameworks. Mobile back-end support. Web applications. Students need to design and implement a full-fledged mobile application.", "ects": "3", "semester": null, "created": "2017-10-30T15:07:40.122Z", "modified": "2017-10-30T15:07:41.673Z"}}, {"model": "csyllabusapi.courseprogram", "pk": 3199, "fields": {"course": 1468, "program": 41, "created": "2017-10-30T15:07:40.122Z"}}, {"model": "csyllabusapi.courseuniversity", "pk": 2691, "fields": {"course": 1468, "university": 10, "created": "2017-10-30T15:07:40.122Z"}}, {"model": "csyllabusapi.course", "pk": 1468, "fields": {"name": "Design and Analysis of Computer Architectures", "description": "Analysis, synthesis and evaluation of different computer architectures. Emphasis on computer design with respect to price/performance and its relation to architectural choices such as pipelining, memory hierarchy, input/output, instruction set design, vector processing, and multiprocessing.", "ects": "3", "semester": null, "created": "2017-10-30T15:07:40.122Z", "modified": "2017-10-30T15:07:41.673Z"}}, {"model": "csyllabusapi.courseprogram", "pk": 3200, "fields": {"course": 1469, "program": 41, "created": "2017-10-30T15:07:40.122Z"}}, {"model": "csyllabusapi.courseuniversity", "pk": 2692, "fields": {"course": 1469, "university": 10, "created": "2017-10-30T15:07:40.122Z"}}, {"model": "csyllabusapi.course", "pk": 1469, "fields": {"name": "Computer Communication Networks I", "description": "Principles of computer network architectures and communication protocols; the OSI reference model; switching and multiplexing techniques; data link, network, transport and application layers; LAN and medium access protocols; network programming.", "ects": "3", "semester": null, "created": "2017-10-30T15:07:40.122Z", "modified": "2017-10-30T15:07:41.673Z"}}, {"model": "csyllabusapi.courseprogram", "pk": 3201, "fields": {"course": 1470, "program": 41, "created": "2017-10-30T15:07:40.122Z"}}, {"model": "csyllabusapi.courseuniversity", "pk": 2693, "fields": {"course": 1470, "university": 10, "created": "2017-10-30T15:07:40.122Z"}}, {"model": "csyllabusapi.course", "pk": 1470, "fields": {"name": "Computer Communication Networks II", "description": "Multimedia requirements; bridges and their spanning tree protocol; advanced internet protocols (IPv6, Diffserv, IntServ, etc.); congestion control and QoS; multicast and broadcast algorithms; network performance and programming; introduction to network security.", "ects": "3", "semester": null, "created": "2017-10-30T15:07:40.122Z", "modified": "2017-10-30T15:07:41.673Z"}}, {"model": "csyllabusapi.courseprogram", "pk": 3202, "fields": {"course": 1471, "program": 41, "created": "2017-10-30T15:07:40.122Z"}}, {"model": "csyllabusapi.courseuniversity", "pk": 2694, "fields": {"course": 1471, "university": 10, "created": "2017-10-30T15:07:40.122Z"}}, {"model": "csyllabusapi.course", "pk": 1471, "fields": {"name": "Computer and Communication Security", "description": "Cryptosystems, symmetric-key and public-key cryptography, cryptanalysis, authentication, message digests, digital signatures, and random number generation. Access controls and firewalls. Applications such as certificate authorities, electronic commerce, smartcards, and digital cash.", "ects": "3", "semester": null, "created": "2017-10-30T15:07:40.122Z", "modified": "2017-10-30T15:07:41.673Z"}}, {"model": "csyllabusapi.courseprogram", "pk": 3203, "fields": {"course": 1472, "program": 41, "created": "2017-10-30T15:07:40.122Z"}}, {"model": "csyllabusapi.courseuniversity", "pk": 2695, "fields": {"course": 1472, "university": 10, "created": "2017-10-30T15:07:40.122Z"}}, {"model": "csyllabusapi.course", "pk": 1472, "fields": {"name": "Practicing Cybersecurity: Attacks and Counter-measures", "description": "This course equips students with cybersecurity knowledge and current IT practices on security risk management. Through hands-on laboratory sessions, students will understand existing IT security issues, learn how to assess IT security risks, and conduct experiments on ethical hacking. They will practice system attack and defense strategies using security tools, so as to gain practical experience to become a cybersecurity professional. The course covers current security trends, industrial practices on IT security, design requirements for secure web and mobile applications, security assessment, risk analysis and risk management. Knowledge in web programming and database administration is not essential but a plus.", "ects": "3", "semester": null, "created": "2017-10-30T15:07:40.122Z", "modified": "2017-10-30T15:07:41.673Z"}}, {"model": "csyllabusapi.courseprogram", "pk": 3204, "fields": {"course": 1473, "program": 41, "created": "2017-10-30T15:07:40.122Z"}}, {"model": "csyllabusapi.courseuniversity", "pk": 2696, "fields": {"course": 1473, "university": 10, "created": "2017-10-30T15:07:40.122Z"}}, {"model": "csyllabusapi.course", "pk": 1473, "fields": {"name": "Social Information Network Analysis and Engineering", "description": "This course is an introduction to social information network analysis and engineering. Students will learn both mathematical and programming knowledge for analyzing the structures and dynamics of typical social information networks (e.g. Facebook, Twitter, and MSN). They will also learn how social metrics can be used to improve computer system design as people are the networks. It will cover topics such as small world phenomenon; contagion, tipping and influence in networks; models of network formation and evolution; the web graph and PageRank; social graphs and community detection; measuring centrality; greedy routing and navigations in networks; introduction to game theory and strategic\r\nbehavior; social engineering; and principles of computer system design. Students who do not have the prerequisites but with equivalent background may seek approval from the instructor for enrollment in the course.", "ects": "3", "semester": null, "created": "2017-10-30T15:07:40.122Z", "modified": "2017-10-30T15:07:41.673Z"}}, {"model": "csyllabusapi.courseprogram", "pk": 3205, "fields": {"course": 1474, "program": 41, "created": "2017-10-30T15:07:40.122Z"}}, {"model": "csyllabusapi.courseuniversity", "pk": 2697, "fields": {"course": 1474, "university": 10, "created": "2017-10-30T15:07:40.122Z"}}, {"model": "csyllabusapi.course", "pk": 1474, "fields": {"name": "Cloud Computing and Big Data Systems", "description": "Big data systems, including Cloud Computing and parallel data processing frameworks, emerge as enabling technologies in managing and mining the massive amount of data across hundreds or even thousands of commodity servers in datacenters. This course exposes students to both the theory and hands-on experience of this new technology. The course will cover the following topics. (1) Basic concepts of Cloud Computing and production Cloud services; (2) MapReduce - the de facto datacenter-scale programming abstraction - and its open source implementation of Hadoop. (3) Apache Spark - a new generation parallel processing framework - and its infrastructure, programming model, cluster deployment, tuning and debugging, as well as a number of specialized data processing systems built on top of Spark. By walking through a number of hands-on labs and assignments, students are expected to gain first-hand experience programming on real world clusters in production datacenters.", "ects": "3", "semester": null, "created": "2017-10-30T15:07:40.122Z", "modified": "2017-10-30T15:07:41.673Z"}}, {"model": "csyllabusapi.courseprogram", "pk": 3206, "fields": {"course": 1475, "program": 41, "created": "2017-10-30T15:07:40.122Z"}}, {"model": "csyllabusapi.courseuniversity", "pk": 2698, "fields": {"course": 1475, "university": 10, "created": "2017-10-30T15:07:40.122Z"}}, {"model": "csyllabusapi.course", "pk": 1475, "fields": {"name": "Academic and Professional Development", "description": "This course is for academic and professional development of students in the programs offered by the Department of Computer Science and Engineering. Activities may include seminars, workshops, advising and sharing sessions, interaction with faculty and teaching staff, and discussion with student peers or alumni. Graded P/PP/F.", "ects": "0", "semester": null, "created": "2017-10-30T15:07:40.122Z", "modified": "2017-10-30T15:07:41.673Z"}}, {"model": "csyllabusapi.courseprogram", "pk": 3207, "fields": {"course": 1476, "program": 41, "created": "2017-10-30T15:07:40.122Z"}}, {"model": "csyllabusapi.courseuniversity", "pk": 2699, "fields": {"course": 1476, "university": 10, "created": "2017-10-30T15:07:40.122Z"}}, {"model": "csyllabusapi.course", "pk": 1476, "fields": {"name": "Special Topics in Computer Science", "description": "Selected topics of current interest to the Department not covered by existing courses. Offerings are announced each semester. May be graded by letter, P/F, or DI/PA/F for different offerings.", "ects": "1-4", "semester": null, "created": "2017-10-30T15:07:40.122Z", "modified": "2017-10-30T15:07:41.673Z"}}, {"model": "csyllabusapi.courseprogram", "pk": 3208, "fields": {"course": 1477, "program": 41, "created": "2017-10-30T15:07:40.122Z"}}, {"model": "csyllabusapi.courseuniversity", "pk": 2700, "fields": {"course": 1477, "university": 10, "created": "2017-10-30T15:07:40.122Z"}}, {"model": "csyllabusapi.course", "pk": 1477, "fields": {"name": "IT Entrepreneurship", "description": "Basic elements of starting a new business in information technology; exploiting an \"unfair\" advantage; preparing a business plan; arranging financial support; accounting and legal requirements; exit strategy. Case studies of successful and failed ventures in Hong Kong and elsewhere.", "ects": "3", "semester": null, "created": "2017-10-30T15:07:40.122Z", "modified": "2017-10-30T15:07:41.673Z"}}, {"model": "csyllabusapi.courseprogram", "pk": 3209, "fields": {"course": 1478, "program": 41, "created": "2017-10-30T15:07:40.122Z"}}, {"model": "csyllabusapi.courseuniversity", "pk": 2701, "fields": {"course": 1478, "university": 10, "created": "2017-10-30T15:07:40.122Z"}}, {"model": "csyllabusapi.course", "pk": 1478, "fields": {"name": "Independent Work", "description": "Independent studies or projects under the directed guidance of a faculty member on a computer science topic. A written report, presentation, and/or an examination are required. Enrollment in the course requires prior approval of the course instructor, and credits assigned depend on the workload. May be repeated for credits.", "ects": "1-4", "semester": null, "created": "2017-10-30T15:07:40.122Z", "modified": "2017-10-30T15:07:41.673Z"}}, {"model": "csyllabusapi.courseprogram", "pk": 3210, "fields": {"course": 1479, "program": 41, "created": "2017-10-30T15:07:40.122Z"}}, {"model": "csyllabusapi.courseuniversity", "pk": 2702, "fields": {"course": 1479, "university": 10, "created": "2017-10-30T15:07:40.122Z"}}, {"model": "csyllabusapi.course", "pk": 1479, "fields": {"name": "Final Year Project", "description": "Students are expected to complete a project in an area of specialization in Computer Science and Engineering under the guidance of a faculty member. Objectives are to integrate the classroom material from several courses, and to apply them to solve practical problems. Credit load will be spread over the year. For students in the BEng in Computer Science and BEng in Computer Engineering programs under the four-year degree only.", "ects": "6", "semester": null, "created": "2017-10-30T15:07:40.122Z", "modified": "2017-10-30T15:07:41.673Z"}}, {"model": "csyllabusapi.courseprogram", "pk": 3211, "fields": {"course": 1480, "program": 41, "created": "2017-10-30T15:07:40.122Z"}}, {"model": "csyllabusapi.courseuniversity", "pk": 2703, "fields": {"course": 1480, "university": 10, "created": "2017-10-30T15:07:40.122Z"}}, {"model": "csyllabusapi.course", "pk": 1480, "fields": {"name": "Final Year Thesis", "description": "Students are expected to conduct research under the supervision of a faculty member, summarize their work in an individual thesis and make a defense at the end. Credit load will be spread over the year. For students in the BEng in Computer Science and BEng in Computer Engineering programs under the four-year degree only. Instructor's approval is required for enrollment in the course.", "ects": "6", "semester": null, "created": "2017-10-30T15:07:40.122Z", "modified": "2017-10-30T15:07:41.673Z"}}, {"model": "csyllabusapi.courseprogram", "pk": 3212, "fields": {"course": 1481, "program": 41, "created": "2017-10-30T15:07:40.122Z"}}, {"model": "csyllabusapi.courseuniversity", "pk": 2704, "fields": {"course": 1481, "university": 10, "created": "2017-10-30T15:07:40.122Z"}}, {"model": "csyllabusapi.course", "pk": 1481, "fields": {"name": "Final Year Project", "description": "Students are expected to complete a project in an area of specialization in Computer Science under the guidance of a faculty member. Objectives are to integrate the classroom material from several courses, and to apply them to solve practical problems. Credit load will be spread over the year.", "ects": "7", "semester": null, "created": "2017-10-30T15:07:40.122Z", "modified": "2017-10-30T15:07:41.673Z"}}, {"model": "csyllabusapi.courseprogram", "pk": 3213, "fields": {"course": 1482, "program": 41, "created": "2017-10-30T15:07:40.122Z"}}, {"model": "csyllabusapi.courseuniversity", "pk": 2705, "fields": {"course": 1482, "university": 10, "created": "2017-10-30T15:07:40.122Z"}}, {"model": "csyllabusapi.course", "pk": 1482, "fields": {"name": "Final Year Thesis (Honors Study Track)", "description": "Students are expected to conduct research work under the supervision of a faculty member, summarize their work in an individual thesis and make a presentation at the end. Enrollment in the course requires approval of the course instructor. Credit load will be spread over the year.", "ects": "7", "semester": null, "created": "2017-10-30T15:07:40.122Z", "modified": "2017-10-30T15:07:41.673Z"}}, {"model": "csyllabusapi.courseprogram", "pk": 3214, "fields": {"course": 1483, "program": 41, "created": "2017-10-30T15:07:40.122Z"}}, {"model": "csyllabusapi.courseuniversity", "pk": 2706, "fields": {"course": 1483, "university": 10, "created": "2017-10-30T15:07:40.122Z"}}, {"model": "csyllabusapi.course", "pk": 1483, "fields": {"name": "Computer Engineering Final Year Project", "description": "Each student of the Computer Engineering program is required to complete a final year project before graduation. The student is expected to conduct a project on a topic related to Computer Engineering and/or its application. The project is guided and conducted under the supervision of faculty members from the Department of Computer Science and Engineering and/or the Department of Electronic and Computer Engineering. Instructor's approval is required for enrollment in the course. For CPEG students under the four-year degree only. May be graded PP.", "ects": "6", "semester": null, "created": "2017-10-30T15:07:40.122Z", "modified": "2017-10-30T15:07:41.673Z"}}, {"model": "csyllabusapi.courseprogram", "pk": 3215, "fields": {"course": 1484, "program": 41, "created": "2017-10-30T15:07:40.122Z"}}, {"model": "csyllabusapi.courseuniversity", "pk": 2707, "fields": {"course": 1484, "university": 10, "created": "2017-10-30T15:07:40.122Z"}}, {"model": "csyllabusapi.course", "pk": 1484, "fields": {"name": "Computer Engineering Final Year Thesis", "description": "Each student taking the Research Option of the Computer Engineering program is required to complete an individual thesis before graduation. The student is expected to conduct a research on a topic related to Computer Engineering and/or its application. The thesis is conducted under the supervision of faculty members from the Department of Computer Science and Engineering and/or the Department of Electronic and Computer Engineering. Instructor's approval is required for enrollment in the course. For CPEG students under the four-year degree only. May be graded PP.", "ects": "6", "semester": null, "created": "2017-10-30T15:07:40.122Z", "modified": "2017-10-30T15:07:41.673Z"}}, {"model": "csyllabusapi.courseprogram", "pk": 3216, "fields": {"course": 1485, "program": 41, "created": "2017-10-30T15:07:40.122Z"}}, {"model": "csyllabusapi.courseuniversity", "pk": 2708, "fields": {"course": 1485, "university": 10, "created": "2017-10-30T15:07:40.122Z"}}, {"model": "csyllabusapi.course", "pk": 1485, "fields": {"name": "Computer Engineering Final Year Project", "description": "Each Computer Engineering student is required to complete a final year project before graduation. The project is conducted under the supervision of faculty members of the Department of Computer Science and Engineering and/or Department of Electronic and Computer Engineering. Credit load will be spread over 3 terms.", "ects": "8", "semester": null, "created": "2017-10-30T15:07:40.122Z", "modified": "2017-10-30T15:07:41.673Z"}}, {"model": "csyllabusapi.courseprogram", "pk": 3217, "fields": {"course": 1486, "program": 41, "created": "2017-10-30T15:07:40.122Z"}}, {"model": "csyllabusapi.courseuniversity", "pk": 2709, "fields": {"course": 1486, "university": 10, "created": "2017-10-30T15:07:40.122Z"}}, {"model": "csyllabusapi.course", "pk": 1486, "fields": {"name": "Computer Engineering Final Year Thesis", "description": "Only for honors students of the BEng Computer Engineering program. They are expected to conduct research/independent work under the supervision of faculty members of the Department of Computer Science and Engineering and/or Department of Electronic and Computer Engineering, summarize their work in an individual thesis and make a presentation at the end of the sequence. Credit load will be spread over 3 terms.", "ects": "8", "semester": null, "created": "2017-10-30T15:07:40.122Z", "modified": "2017-10-30T15:07:41.673Z"}}]