[{"model": "csyllabusapi.country", "pk": 6, "fields": {"name": "United States of America", "img": "", "created": "2017-10-30T15:20:51.049Z", "modified": "2017-10-30T15:20:52.235Z"}}, {"model": "csyllabusapi.city", "pk": 14, "fields": {"name": "Champaign", "img": "", "created": "2017-10-30T15:20:51.049Z", "modified": "2017-10-30T15:20:52.235Z", "country": 6}}, {"model": "csyllabusapi.university", "pk": 10, "fields": {"name": "University of Illinois Urbana-Champaign", "img": "", "created": "2017-10-30T15:05:19.541Z", "modified": "2017-10-30T15:05:20.945Z", "country": 6, "city": 14}}, {"model": "csyllabusapi.program", "pk": 41, "fields": {"name": "Computer Science and Engineering", "study_level": "undergraduate", "created": "2017-10-30T15:07:40.122Z", "modified": "2017-10-30T15:07:41.673Z"}}, {"model": "csyllabusapi.programuniversity", "pk": 41, "fields": {"university": 10, "program": 41, "created": "2017-10-30T15:07:40.122Z"}}, {"model": "csyllabusapi.programcity", "pk": 41, "fields": {"city": 14, "program": 41, "created": "2017-10-30T15:07:40.122Z"}}, {"model": "csyllabusapi.programcountry", "pk": 41, "fields": {"country": 6, "program": 41, "created": "2017-10-30T15:07:40.122Z"}}, {"model": "csyllabusapi.courseprogram", "pk": 3147, "fields": {"course": 1416, "program": 41, "created": "2017-10-30T15:07:40.122Z"}}, {"model": "csyllabusapi.courseuniversity", "pk": 2639, "fields": {"course": 1416, "university": 10, "created": "2017-10-30T15:07:40.122Z"}}, {"model": "csyllabusapi.course", "pk": 1416, "fields": {"name": "Freshman Orientation", "description": "Introduction to Computer Science as a field and career for computer science majors. Overview of the field and specific examples of problem areas and methods of solution.", "ects": "1", "semester": null, "created": "2017-10-30T15:07:40.122Z", "modified": "2017-10-30T15:07:41.673Z"}}, {"model": "csyllabusapi.courseprogram", "pk": 3148, "fields": {"course": 1417, "program": 41, "created": "2017-10-30T15:07:40.122Z"}}, {"model": "csyllabusapi.courseuniversity", "pk": 2640, "fields": {"course": 1417, "university": 10, "created": "2017-10-30T15:07:40.122Z"}}, {"model": "csyllabusapi.course", "pk": 1417, "fields": {"name": "Intro Computing: Engrg & Sci", "description": "Fundamental principles, concepts, and methods of computing, with emphasis on applications in the physical sciences and engineering. Basic problem solving and programming techniques; fundamental algorithms and data structures; use of computers in solving engineering and scientific problems. Intended for engineering and science majors.", "ects": "3", "semester": null, "created": "2017-10-30T15:07:40.122Z", "modified": "2017-10-30T15:07:41.673Z"}}, {"model": "csyllabusapi.courseprogram", "pk": 3149, "fields": {"course": 1418, "program": 41, "created": "2017-10-30T15:07:40.122Z"}}, {"model": "csyllabusapi.courseuniversity", "pk": 2641, "fields": {"course": 1418, "university": 10, "created": "2017-10-30T15:07:40.122Z"}}, {"model": "csyllabusapi.course", "pk": 1418, "fields": {"name": "Intro Computing: Non-Tech", "description": "Computing as an essential tool of academic and professional activities. Functions and interrelationships of computer system components: hardware, systems and applications software, and networks. Widely used application packages such as spreadsheets and databases. Concepts and practice of programming for the solution of simple problems in different application areas. Intended for non-science and non-engineering majors.", "ects": "3", "semester": null, "created": "2017-10-30T15:07:40.122Z", "modified": "2017-10-30T15:07:41.673Z"}}, {"model": "csyllabusapi.courseprogram", "pk": 3150, "fields": {"course": 1419, "program": 41, "created": "2017-10-30T15:07:40.122Z"}}, {"model": "csyllabusapi.courseuniversity", "pk": 2642, "fields": {"course": 1419, "university": 10, "created": "2017-10-30T15:07:40.122Z"}}, {"model": "csyllabusapi.course", "pk": 1419, "fields": {"name": "Intro to Computer Science", "description": "Basic concepts in computing and fundamental techniques for solving computational problems. Intended as a first course for computer science majors and others with a deep interest in computing.", "ects": "4", "semester": null, "created": "2017-10-30T15:07:40.122Z", "modified": "2017-10-30T15:07:41.673Z"}}, {"model": "csyllabusapi.courseprogram", "pk": 3151, "fields": {"course": 1420, "program": 41, "created": "2017-10-30T15:07:40.122Z"}}, {"model": "csyllabusapi.courseuniversity", "pk": 2643, "fields": {"course": 1420, "university": 10, "created": "2017-10-30T15:07:40.122Z"}}, {"model": "csyllabusapi.course", "pk": 1420, "fields": {"name": "Software Design Studio", "description": "Fundamental principles and techniques of software development. Design, documentation, testing, and debugging software, with a significant emphasis on code review.", "ects": "3", "semester": null, "created": "2017-10-30T15:07:40.122Z", "modified": "2017-10-30T15:07:41.673Z"}}, {"model": "csyllabusapi.courseprogram", "pk": 3152, "fields": {"course": 1421, "program": 41, "created": "2017-10-30T15:07:40.122Z"}}, {"model": "csyllabusapi.courseuniversity", "pk": 2644, "fields": {"course": 1421, "university": 10, "created": "2017-10-30T15:07:40.122Z"}}, {"model": "csyllabusapi.course", "pk": 1421, "fields": {"name": "Discrete Structures", "description": "Discrete mathematical structures frequently encountered in the study of Computer Science. Sets, propositions, Boolean algebra, induction, recursion, relations, functions, and graphs.", "ects": "3", "semester": null, "created": "2017-10-30T15:07:40.122Z", "modified": "2017-10-30T15:07:41.673Z"}}, {"model": "csyllabusapi.courseprogram", "pk": 3153, "fields": {"course": 1422, "program": 41, "created": "2017-10-30T15:07:40.122Z"}}, {"model": "csyllabusapi.courseuniversity", "pk": 2645, "fields": {"course": 1422, "university": 10, "created": "2017-10-30T15:07:40.122Z"}}, {"model": "csyllabusapi.course", "pk": 1422, "fields": {"name": "Freshman Honors", "description": "Offered for honors credit in conjunction with other 100-level computer science courses taken concurrently. A special examination may be required for admission to this course.", "ects": "1", "semester": null, "created": "2017-10-30T15:07:40.122Z", "modified": "2017-10-30T15:07:41.673Z"}}, {"model": "csyllabusapi.courseprogram", "pk": 3154, "fields": {"course": 1423, "program": 41, "created": "2017-10-30T15:07:40.122Z"}}, {"model": "csyllabusapi.courseuniversity", "pk": 2646, "fields": {"course": 1423, "university": 10, "created": "2017-10-30T15:07:40.122Z"}}, {"model": "csyllabusapi.course", "pk": 1423, "fields": {"name": "Undergraduate Open Seminar in Computer Science", "description": "Topics vary.", "ects": "0 TO 5", "semester": null, "created": "2017-10-30T15:07:40.122Z", "modified": "2017-10-30T15:07:41.673Z"}}, {"model": "csyllabusapi.courseprogram", "pk": 3155, "fields": {"course": 1424, "program": 41, "created": "2017-10-30T15:07:40.122Z"}}, {"model": "csyllabusapi.courseuniversity", "pk": 2647, "fields": {"course": 1424, "university": 10, "created": "2017-10-30T15:07:40.122Z"}}, {"model": "csyllabusapi.course", "pk": 1424, "fields": {"name": "Ethical & Professional Issues", "description": "Ethics for the computing profession. Ethical decision-making; licensing; intellectual property, freedom of information, and privacy.", "ects": "2", "semester": null, "created": "2017-10-30T15:07:40.122Z", "modified": "2017-10-30T15:07:41.673Z"}}, {"model": "csyllabusapi.courseprogram", "pk": 3156, "fields": {"course": 1425, "program": 41, "created": "2017-10-30T15:07:40.122Z"}}, {"model": "csyllabusapi.courseuniversity", "pk": 2648, "fields": {"course": 1425, "university": 10, "created": "2017-10-30T15:07:40.122Z"}}, {"model": "csyllabusapi.course", "pk": 1425, "fields": {"name": "Data Structures", "description": "Data abstractions: elementary data structures (lists, stacks, queues, and trees) and their implementation using an object-oriented programming language. Solutions to a variety of computational problems such as search on graphs and trees. Elementary analysis of algorithms.", "ects": "4", "semester": null, "created": "2017-10-30T15:07:40.122Z", "modified": "2017-10-30T15:07:41.673Z"}}, {"model": "csyllabusapi.courseprogram", "pk": 3157, "fields": {"course": 1426, "program": 41, "created": "2017-10-30T15:07:40.122Z"}}, {"model": "csyllabusapi.courseuniversity", "pk": 2649, "fields": {"course": 1426, "university": 10, "created": "2017-10-30T15:07:40.122Z"}}, {"model": "csyllabusapi.course", "pk": 1426, "fields": {"name": "Computer Architecture", "description": "Fundamentals of computer architecture: digital logic design, working up from the logic gate level to understand the function of a simple computer; machine-level programming to understand implementation of high-level languages; performance models of modern computer architectures to enable performance optimization of software; hardware primitives for parallelism and security.", "ects": "4", "semester": null, "created": "2017-10-30T15:07:40.122Z", "modified": "2017-10-30T15:07:41.673Z"}}, {"model": "csyllabusapi.courseprogram", "pk": 3158, "fields": {"course": 1427, "program": 41, "created": "2017-10-30T15:07:40.122Z"}}, {"model": "csyllabusapi.courseuniversity", "pk": 2650, "fields": {"course": 1427, "university": 10, "created": "2017-10-30T15:07:40.122Z"}}, {"model": "csyllabusapi.course", "pk": 1427, "fields": {"name": "System Programming", "description": "Basics of system programming, including POSIX processes, process control, inter-process communication, synchronization, signals, simple memory management, file I/O and directories, shell programming, socket network programming, RPC programming in distributed systems, basic security mechanisms, and standard tools for systems programming such as debugging tools.", "ects": "4", "semester": null, "created": "2017-10-30T15:07:40.122Z", "modified": "2017-10-30T15:07:41.673Z"}}, {"model": "csyllabusapi.courseprogram", "pk": 3159, "fields": {"course": 1428, "program": 41, "created": "2017-10-30T15:07:40.122Z"}}, {"model": "csyllabusapi.courseuniversity", "pk": 2651, "fields": {"course": 1428, "university": 10, "created": "2017-10-30T15:07:40.122Z"}}, {"model": "csyllabusapi.course", "pk": 1428, "fields": {"name": "Programming Studio", "description": "Intensive programming lab intended to strengthen skills in programming.", "ects": "3", "semester": null, "created": "2017-10-30T15:07:40.122Z", "modified": "2017-10-30T15:07:41.673Z"}}, {"model": "csyllabusapi.courseprogram", "pk": 3160, "fields": {"course": 1429, "program": 41, "created": "2017-10-30T15:07:40.122Z"}}, {"model": "csyllabusapi.courseuniversity", "pk": 2652, "fields": {"course": 1429, "university": 10, "created": "2017-10-30T15:07:40.122Z"}}, {"model": "csyllabusapi.course", "pk": 1429, "fields": {"name": "Honors Course", "description": "Group projects for honors credit in computer science. Sections of this course are offered in conjunction with other 200-level computer science courses taken concurrently. A special examination may be required for admission to this course.", "ects": "1", "semester": null, "created": "2017-10-30T15:07:40.122Z", "modified": "2017-10-30T15:07:41.673Z"}}, {"model": "csyllabusapi.courseprogram", "pk": 3161, "fields": {"course": 1430, "program": 41, "created": "2017-10-30T15:07:40.122Z"}}, {"model": "csyllabusapi.courseuniversity", "pk": 2653, "fields": {"course": 1430, "university": 10, "created": "2017-10-30T15:07:40.122Z"}}, {"model": "csyllabusapi.course", "pk": 1430, "fields": {"name": "Numerical Methods I", "description": "Fundamentals of numerical methods for students in science and engineering; floating-point computation, systems of linear equations, approximation of functions and integrals, the single nonlinear equation, and the numerical solution of ordinary differential equations; various applications in science and engineering; programming exercises and use of high quality mathematical library routines.", "ects": "3", "semester": null, "created": "2017-10-30T15:07:40.122Z", "modified": "2017-10-30T15:07:41.673Z"}}, {"model": "csyllabusapi.courseprogram", "pk": 3162, "fields": {"course": 1431, "program": 41, "created": "2017-10-30T15:07:40.122Z"}}, {"model": "csyllabusapi.courseuniversity", "pk": 2654, "fields": {"course": 1431, "university": 10, "created": "2017-10-30T15:07:40.122Z"}}, {"model": "csyllabusapi.course", "pk": 1431, "fields": {"name": "Probability & Statistics for Computer Science", "description": "Introduction to probability theory and statistics with applications to computer science. Topics include: visualizing datasets, summarizing data, basic descriptive statistics, conditional probability, independence, Bayes theorem, random variables, joint and conditional distributions, expectation, variance and covariance, central limit theorem. Markov inequality, Chebyshev inequality, law of large numbers, Markov chains, simulation, the PageRank algorithm, populations and sampling, sample mean, standard error, maximum likelihood estimation, Bayes estimation, hypothesis testing, confidence intervals, linear regression, principal component analysis, classification, and decision trees.", "ects": "3", "semester": null, "created": "2017-10-30T15:07:40.122Z", "modified": "2017-10-30T15:07:41.673Z"}}, {"model": "csyllabusapi.courseprogram", "pk": 3163, "fields": {"course": 1432, "program": 41, "created": "2017-10-30T15:07:40.122Z"}}, {"model": "csyllabusapi.courseuniversity", "pk": 2655, "fields": {"course": 1432, "university": 10, "created": "2017-10-30T15:07:40.122Z"}}, {"model": "csyllabusapi.course", "pk": 1432, "fields": {"name": "Introduction to Algorithms & Models of Computation", "description": "Analysis of algorithms, major paradigms of algorithm design including recursive algorithms, divide-and-conquer algorithms, dynamic programming, greedy algorithms, and graph algorithms. Formal models of computation including finite automata and Turing machines. Limitations of computation arising from fundamental notions of algorithm and from complexity-theoretic constraints. Reductions, undecidability and NP-completeness.", "ects": "4", "semester": null, "created": "2017-10-30T15:07:40.122Z", "modified": "2017-10-30T15:07:41.673Z"}}, {"model": "csyllabusapi.courseprogram", "pk": 3164, "fields": {"course": 1433, "program": 41, "created": "2017-10-30T15:07:40.122Z"}}, {"model": "csyllabusapi.courseuniversity", "pk": 2656, "fields": {"course": 1433, "university": 10, "created": "2017-10-30T15:07:40.122Z"}}, {"model": "csyllabusapi.course", "pk": 1433, "fields": {"name": "Individual Study", "description": "May be repeated. Prerequisite: Consent of instructor.", "ects": "1 TO 3", "semester": null, "created": "2017-10-30T15:07:40.122Z", "modified": "2017-10-30T15:07:41.673Z"}}, {"model": "csyllabusapi.courseprogram", "pk": 3165, "fields": {"course": 1434, "program": 41, "created": "2017-10-30T15:07:40.122Z"}}, {"model": "csyllabusapi.courseuniversity", "pk": 2657, "fields": {"course": 1434, "university": 10, "created": "2017-10-30T15:07:40.122Z"}}, {"model": "csyllabusapi.course", "pk": 1434, "fields": {"name": "Special Topics", "description": "Subject offerings of new and developing areas of knowledge in computer science intended to augment the existing curriculum. See Class Schedule or departmental course information for topics and prerequisites.", "ects": "1 to 4", "semester": null, "created": "2017-10-30T15:07:40.122Z", "modified": "2017-10-30T15:07:41.673Z"}}, {"model": "csyllabusapi.courseprogram", "pk": 3166, "fields": {"course": 1435, "program": 41, "created": "2017-10-30T15:07:40.122Z"}}, {"model": "csyllabusapi.courseuniversity", "pk": 2658, "fields": {"course": 1435, "university": 10, "created": "2017-10-30T15:07:40.122Z"}}, {"model": "csyllabusapi.course", "pk": 1435, "fields": {"name": "Text Information Systems", "description": "Theory, design, and implementation of text-based information systems. Text analysis, retrieval models (e.g., Boolean, vector space, probabilistic), text categorization, text filtering, clustering, retrieval system design and implementation, and applications to web information management.", "ects": "3 OR 4", "semester": null, "created": "2017-10-30T15:07:40.122Z", "modified": "2017-10-30T15:07:41.673Z"}}, {"model": "csyllabusapi.courseprogram", "pk": 3167, "fields": {"course": 1436, "program": 41, "created": "2017-10-30T15:07:40.122Z"}}, {"model": "csyllabusapi.courseuniversity", "pk": 2659, "fields": {"course": 1436, "university": 10, "created": "2017-10-30T15:07:40.122Z"}}, {"model": "csyllabusapi.course", "pk": 1436, "fields": {"name": "Database Systems", "description": "Examination of the logical organization of databases: the entity-relationship model; the hierarchical, network, and relational data models and their languages. Functional dependencies and normal forms. Design, implementation, and optimization of query languages; security and integrity; concurrency control, and distributed database systems.", "ects": "3 OR 4", "semester": null, "created": "2017-10-30T15:07:40.122Z", "modified": "2017-10-30T15:07:41.673Z"}}, {"model": "csyllabusapi.courseprogram", "pk": 3168, "fields": {"course": 1437, "program": 41, "created": "2017-10-30T15:07:40.122Z"}}, {"model": "csyllabusapi.courseuniversity", "pk": 2660, "fields": {"course": 1437, "university": 10, "created": "2017-10-30T15:07:40.122Z"}}, {"model": "csyllabusapi.course", "pk": 1437, "fields": {"name": "Introduction to Data Mining", "description": "Concepts, techniques, and systems of data warehousing and data mining. Design and implementation of data warehouse and on-line analytical processing (OLAP) systems; data mining concepts, methods, systems, implementations, and applications.", "ects": "3 OR 4", "semester": null, "created": "2017-10-30T15:07:40.122Z", "modified": "2017-10-30T15:07:41.673Z"}}, {"model": "csyllabusapi.courseprogram", "pk": 3169, "fields": {"course": 1438, "program": 41, "created": "2017-10-30T15:07:40.122Z"}}, {"model": "csyllabusapi.courseuniversity", "pk": 2661, "fields": {"course": 1438, "university": 10, "created": "2017-10-30T15:07:40.122Z"}}, {"model": "csyllabusapi.course", "pk": 1438, "fields": {"name": "Intro to Combinatorics", "description": "Same as", "ects": "3 OR 4", "semester": null, "created": "2017-10-30T15:07:40.122Z", "modified": "2017-10-30T15:07:41.673Z"}}, {"model": "csyllabusapi.courseprogram", "pk": 3170, "fields": {"course": 1439, "program": 41, "created": "2017-10-30T15:07:40.122Z"}}, {"model": "csyllabusapi.courseuniversity", "pk": 2662, "fields": {"course": 1439, "university": 10, "created": "2017-10-30T15:07:40.122Z"}}, {"model": "csyllabusapi.course", "pk": 1439, "fields": {"name": "Interactive Computer Graphics", "description": "Basic mathematical tools and computational techniques for modeling, rendering, and animating 3-D scenes.", "ects": "3 or 4", "semester": null, "created": "2017-10-30T15:07:40.122Z", "modified": "2017-10-30T15:07:41.673Z"}}, {"model": "csyllabusapi.courseprogram", "pk": 3171, "fields": {"course": 1440, "program": 41, "created": "2017-10-30T15:07:40.122Z"}}, {"model": "csyllabusapi.courseuniversity", "pk": 2663, "fields": {"course": 1440, "university": 10, "created": "2017-10-30T15:07:40.122Z"}}, {"model": "csyllabusapi.course", "pk": 1440, "fields": {"name": "Production Computer Graphics", "description": "Advanced methods for representing, displaying, and rendering two-, three-, and four-dimensional scenes. General algebraic curves and surfaces, splines, Gaussian and bump-function representation, fractals, particle systems, constructive solid geometry methods, lighting models, radiosity, advanced ray-tracing methods, surface texturing animation techniques, data visualization methods.", "ects": "3 OR 4", "semester": null, "created": "2017-10-30T15:07:40.122Z", "modified": "2017-10-30T15:07:41.673Z"}}, {"model": "csyllabusapi.courseprogram", "pk": 3172, "fields": {"course": 1441, "program": 41, "created": "2017-10-30T15:07:40.122Z"}}, {"model": "csyllabusapi.courseuniversity", "pk": 2664, "fields": {"course": 1441, "university": 10, "created": "2017-10-30T15:07:40.122Z"}}, {"model": "csyllabusapi.course", "pk": 1441, "fields": {"name": "Parallel Progrmg: Sci & Engrg", "description": "Fundamental issues in design and development of parallel programs for various types of parallel computers. Various programming models according to both machine type and application area. Cost models, debugging, and performance evaluation of parallel programs with actual application examples.", "ects": "3 OR 4", "semester": null, "created": "2017-10-30T15:07:40.122Z", "modified": "2017-10-30T15:07:41.673Z"}}, {"model": "csyllabusapi.courseprogram", "pk": 3173, "fields": {"course": 1442, "program": 41, "created": "2017-10-30T15:07:40.122Z"}}, {"model": "csyllabusapi.courseuniversity", "pk": 2665, "fields": {"course": 1442, "university": 10, "created": "2017-10-30T15:07:40.122Z"}}, {"model": "csyllabusapi.course", "pk": 1442, "fields": {"name": "Progrmg Languages & Compilers", "description": "Structure of programming languages and their implementation. Basic language design principles; abstract data types; functional languages; type systems; object-oriented languages. Basics of lexing, parsing, syntax-directed translation, semantic analysis, and code generation.", "ects": "3 OR 4", "semester": null, "created": "2017-10-30T15:07:40.122Z", "modified": "2017-10-30T15:07:41.673Z"}}, {"model": "csyllabusapi.courseprogram", "pk": 3174, "fields": {"course": 1443, "program": 41, "created": "2017-10-30T15:07:40.122Z"}}, {"model": "csyllabusapi.courseuniversity", "pk": 2666, "fields": {"course": 1443, "university": 10, "created": "2017-10-30T15:07:40.122Z"}}, {"model": "csyllabusapi.course", "pk": 1443, "fields": {"name": "Real-Time Systems", "description": "Supervisory control aspects of Cyber Physical Systems (CPS): fundamentals of reliability analysis, real-time scheduling, simple feedback control, software fault tolerance architecture, wireless networking and energy saving, principles of safety critical system engineering. Student groups design and demonstrate supervisory control architecture for a robot.", "ects": "3 OR 4", "semester": null, "created": "2017-10-30T15:07:40.122Z", "modified": "2017-10-30T15:07:41.673Z"}}, {"model": "csyllabusapi.courseprogram", "pk": 3175, "fields": {"course": 1444, "program": 41, "created": "2017-10-30T15:07:40.122Z"}}, {"model": "csyllabusapi.courseuniversity", "pk": 2667, "fields": {"course": 1444, "university": 10, "created": "2017-10-30T15:07:40.122Z"}}, {"model": "csyllabusapi.course", "pk": 1444, "fields": {"name": "Distributed Systems", "description": "Protocols, specification techniques, global states and their determination, reliable broadcast, transactions and commitment, security, and real-time systems.", "ects": "3 OR 4", "semester": null, "created": "2017-10-30T15:07:40.122Z", "modified": "2017-10-30T15:07:41.673Z"}}, {"model": "csyllabusapi.courseprogram", "pk": 3176, "fields": {"course": 1445, "program": 41, "created": "2017-10-30T15:07:40.122Z"}}, {"model": "csyllabusapi.courseuniversity", "pk": 2668, "fields": {"course": 1445, "university": 10, "created": "2017-10-30T15:07:40.122Z"}}, {"model": "csyllabusapi.course", "pk": 1445, "fields": {"name": "Compiler Construction", "description": "Compiler structure, syntax analysis, syntax-directed translation, automatically constructed recognizers, semantic analysis, code generation, intermediate language, optimization techniques.", "ects": "3 OR 4", "semester": null, "created": "2017-10-30T15:07:40.122Z", "modified": "2017-10-30T15:07:41.673Z"}}, {"model": "csyllabusapi.courseprogram", "pk": 3177, "fields": {"course": 1446, "program": 41, "created": "2017-10-30T15:07:40.122Z"}}, {"model": "csyllabusapi.courseuniversity", "pk": 2669, "fields": {"course": 1446, "university": 10, "created": "2017-10-30T15:07:40.122Z"}}, {"model": "csyllabusapi.course", "pk": 1446, "fields": {"name": "Software Engineering I", "description": "Software process, analysis and design. Software development paradigms, system engineering, function-based analysis and design, and object-oriented analysis and design. Course will use team-projects for hands-on exercises.", "ects": "3 OR 4", "semester": null, "created": "2017-10-30T15:07:40.122Z", "modified": "2017-10-30T15:07:41.673Z"}}, {"model": "csyllabusapi.courseprogram", "pk": 3178, "fields": {"course": 1447, "program": 41, "created": "2017-10-30T15:07:40.122Z"}}, {"model": "csyllabusapi.courseuniversity", "pk": 2670, "fields": {"course": 1447, "university": 10, "created": "2017-10-30T15:07:40.122Z"}}, {"model": "csyllabusapi.course", "pk": 1447, "fields": {"name": "Computer System Organization", "description": "Computer system analysis and design. Organizational dependence on computations to be performed; speed and cost of parts and overall machines; instruction set design; pipeline and vector machines; memory hierarchy design.", "ects": "3 OR 4", "semester": null, "created": "2017-10-30T15:07:40.122Z", "modified": "2017-10-30T15:07:41.673Z"}}, {"model": "csyllabusapi.courseprogram", "pk": 3179, "fields": {"course": 1448, "program": 41, "created": "2017-10-30T15:07:40.122Z"}}, {"model": "csyllabusapi.courseuniversity", "pk": 2671, "fields": {"course": 1448, "university": 10, "created": "2017-10-30T15:07:40.122Z"}}, {"model": "csyllabusapi.course", "pk": 1448, "fields": {"name": "Computer Networking Laboratory", "description": "Same as", "ects": "3 OR 4", "semester": null, "created": "2017-10-30T15:07:40.122Z", "modified": "2017-10-30T15:07:41.673Z"}}, {"model": "csyllabusapi.courseprogram", "pk": 3180, "fields": {"course": 1449, "program": 41, "created": "2017-10-30T15:07:40.122Z"}}, {"model": "csyllabusapi.courseuniversity", "pk": 2672, "fields": {"course": 1449, "university": 10, "created": "2017-10-30T15:07:40.122Z"}}, {"model": "csyllabusapi.course", "pk": 1449, "fields": {"name": "Communication Networks", "description": "Layered architectures and the OSI Reference Model; design issues and protocols in the transport, network, and data link layers; architectures and control algorithms of local-area, point-to-point, and satellite networks; standards in networks access protocols; models of network interconnection; overview of networking and communication software.", "ects": "3 OR 4", "semester": null, "created": "2017-10-30T15:07:40.122Z", "modified": "2017-10-30T15:07:41.673Z"}}, {"model": "csyllabusapi.courseprogram", "pk": 3181, "fields": {"course": 1450, "program": 41, "created": "2017-10-30T15:07:40.122Z"}}, {"model": "csyllabusapi.courseuniversity", "pk": 2673, "fields": {"course": 1450, "university": 10, "created": "2017-10-30T15:07:40.122Z"}}, {"model": "csyllabusapi.course", "pk": 1450, "fields": {"name": "Wireless Networks", "description": "Same as", "ects": "3 OR 4", "semester": null, "created": "2017-10-30T15:07:40.122Z", "modified": "2017-10-30T15:07:41.673Z"}}, {"model": "csyllabusapi.courseprogram", "pk": 3182, "fields": {"course": 1451, "program": 41, "created": "2017-10-30T15:07:40.122Z"}}, {"model": "csyllabusapi.courseuniversity", "pk": 2674, "fields": {"course": 1451, "university": 10, "created": "2017-10-30T15:07:40.122Z"}}, {"model": "csyllabusapi.course", "pk": 1451, "fields": {"name": "Artificial Intelligence", "description": "Major topics in and directions of research in artificial intelligence: AI languages (LISP and PROLOG), basic problem solving techniques, knowledge representation and computer inference, machine learning, natural language understanding, computer vision, robotics, and societal impacts.", "ects": "3 OR 4", "semester": null, "created": "2017-10-30T15:07:40.122Z", "modified": "2017-10-30T15:07:41.673Z"}}, {"model": "csyllabusapi.courseprogram", "pk": 3183, "fields": {"course": 1452, "program": 41, "created": "2017-10-30T15:07:40.122Z"}}, {"model": "csyllabusapi.courseuniversity", "pk": 2675, "fields": {"course": 1452, "university": 10, "created": "2017-10-30T15:07:40.122Z"}}, {"model": "csyllabusapi.course", "pk": 1452, "fields": {"name": "Machine Learning", "description": "Theory and basic techniques in machine learning. Major theoretical paradigms and key concepts developed in machine learning in the context of applications such as natural language and text processing, computer vision, data mining, adaptive computer systems and others. Review of several supervised and unsupervised learning approaches: methods for learning linear representations; on-line learning, Bayesian methods; decision-trees; features and kernels; clustering and dimensionality reduction.", "ects": "3 OR 4", "semester": null, "created": "2017-10-30T15:07:40.122Z", "modified": "2017-10-30T15:07:41.673Z"}}, {"model": "csyllabusapi.courseprogram", "pk": 3184, "fields": {"course": 1453, "program": 41, "created": "2017-10-30T15:07:40.122Z"}}, {"model": "csyllabusapi.courseuniversity", "pk": 2676, "fields": {"course": 1453, "university": 10, "created": "2017-10-30T15:07:40.122Z"}}, {"model": "csyllabusapi.course", "pk": 1453, "fields": {"name": "Natural Language Processing", "description": "Part-of-speech tagging, parsing, semantic analysis and machine translation. Relevant linguistics concepts from morphology (word formation) and lexical semantics (the meaning of words) to syntax (sentence structure) and compositional semantics (the meaning of sentences).", "ects": "3 OR 4", "semester": null, "created": "2017-10-30T15:07:40.122Z", "modified": "2017-10-30T15:07:41.673Z"}}, {"model": "csyllabusapi.courseprogram", "pk": 3185, "fields": {"course": 1454, "program": 41, "created": "2017-10-30T15:07:40.122Z"}}, {"model": "csyllabusapi.courseuniversity", "pk": 2677, "fields": {"course": 1454, "university": 10, "created": "2017-10-30T15:07:40.122Z"}}, {"model": "csyllabusapi.course", "pk": 1454, "fields": {"name": "Numerical Analysis", "description": "Linear system solvers, optimization techniques, interpolation and approximation of functions, solving systems of nonlinear equations, eigenvalue problems, least squares, and quadrature; numerical handling of ordinary and partial differential equations.", "ects": "3 or 4", "semester": null, "created": "2017-10-30T15:07:40.122Z", "modified": "2017-10-30T15:07:41.673Z"}}, {"model": "csyllabusapi.courseprogram", "pk": 3186, "fields": {"course": 1455, "program": 41, "created": "2017-10-30T15:07:40.122Z"}}, {"model": "csyllabusapi.courseuniversity", "pk": 2678, "fields": {"course": 1455, "university": 10, "created": "2017-10-30T15:07:40.122Z"}}, {"model": "csyllabusapi.course", "pk": 1455, "fields": {"name": "Computer Security I", "description": "Fundamental principles of computer and communications security and information assurance: ethics, privacy, notions of threat, vulnerabilities, and risk in systems, information warfare, malicious software, data secrecy and integrity issues, network security, trusted computing, mandatory and discretionary access controls, certification and accreditation of systems against security standards. Security mechanisms: authentication, auditing, intrusion detection, access control, cryptography, security protocols, key distribution.", "ects": "4", "semester": null, "created": "2017-10-30T15:07:40.122Z", "modified": "2017-10-30T15:07:41.673Z"}}, {"model": "csyllabusapi.courseprogram", "pk": 3187, "fields": {"course": 1456, "program": 41, "created": "2017-10-30T15:07:40.122Z"}}, {"model": "csyllabusapi.courseuniversity", "pk": 2679, "fields": {"course": 1456, "university": 10, "created": "2017-10-30T15:07:40.122Z"}}, {"model": "csyllabusapi.course", "pk": 1456, "fields": {"name": "User Interface Design", "description": "A project-focused course covering fundamental principles of user interface design, implementation, and evaluation. Small teams work on a term-long project that involves: analysis of the problem domain, user skills, and tasks; iterative prototyping of interfaces to address user needs; conducting several forms of evaluation such as cognitive walkthroughs and usability tests; implementation of the final prototype. Non-technical majors may enroll as non-programmers who participate in all aspects of the projects with the possible exception of implementation.", "ects": "3 or 4", "semester": null, "created": "2017-10-30T15:07:40.122Z", "modified": "2017-10-30T15:07:41.673Z"}}, {"model": "csyllabusapi.courseprogram", "pk": 3188, "fields": {"course": 1457, "program": 41, "created": "2017-10-30T15:07:40.122Z"}}, {"model": "csyllabusapi.courseuniversity", "pk": 2680, "fields": {"course": 1457, "university": 10, "created": "2017-10-30T15:07:40.122Z"}}, {"model": "csyllabusapi.course", "pk": 1457, "fields": {"name": "Tech and Advertising Campaigns", "description": "Same as", "ects": "3", "semester": null, "created": "2017-10-30T15:07:40.122Z", "modified": "2017-10-30T15:07:41.673Z"}}, {"model": "csyllabusapi.courseprogram", "pk": 3189, "fields": {"course": 1458, "program": 41, "created": "2017-10-30T15:07:40.122Z"}}, {"model": "csyllabusapi.courseuniversity", "pk": 2681, "fields": {"course": 1458, "university": 10, "created": "2017-10-30T15:07:40.122Z"}}, {"model": "csyllabusapi.course", "pk": 1458, "fields": {"name": "Algorithms", "description": "Design and analysis techniques, approximation algorithms, randomized algorithms and amortized analysis, and advanced topics such as network flow, linear programming, and dynamic data structures, among others.", "ects": "4", "semester": null, "created": "2017-10-30T15:07:40.122Z", "modified": "2017-10-30T15:07:41.673Z"}}, {"model": "csyllabusapi.courseprogram", "pk": 3190, "fields": {"course": 1459, "program": 41, "created": "2017-10-30T15:07:40.122Z"}}, {"model": "csyllabusapi.courseuniversity", "pk": 2682, "fields": {"course": 1459, "university": 10, "created": "2017-10-30T15:07:40.122Z"}}, {"model": "csyllabusapi.course", "pk": 1459, "fields": {"name": "Stochastic Processes & Applic", "description": "Same as", "ects": "3 OR 4", "semester": null, "created": "2017-10-30T15:07:40.122Z", "modified": "2017-10-30T15:07:41.673Z"}}, {"model": "csyllabusapi.courseprogram", "pk": 3191, "fields": {"course": 1460, "program": 41, "created": "2017-10-30T15:07:40.122Z"}}, {"model": "csyllabusapi.courseuniversity", "pk": 2683, "fields": {"course": 1460, "university": 10, "created": "2017-10-30T15:07:40.122Z"}}, {"model": "csyllabusapi.course", "pk": 1460, "fields": {"name": "Applied Parallel Programming", "description": "Same as", "ects": "4", "semester": null, "created": "2017-10-30T15:07:40.122Z", "modified": "2017-10-30T15:07:41.673Z"}}, {"model": "csyllabusapi.courseprogram", "pk": 3192, "fields": {"course": 1461, "program": 41, "created": "2017-10-30T15:07:40.122Z"}}, {"model": "csyllabusapi.courseuniversity", "pk": 2684, "fields": {"course": 1461, "university": 10, "created": "2017-10-30T15:07:40.122Z"}}, {"model": "csyllabusapi.course", "pk": 1461, "fields": {"name": "Parallel Programming", "description": "Techniques for the programming of all classes of parallel computers and devices including shared memory and distributed memory multiprocessors, SIMD processors and co-processors, and special purpose devices. Key concepts in parallel programming such as reactive and transformational programming, speculation, speedup, isoefficiency, and load balancing. Synchronization primitives, libraries and languages for parallel programming such as OpenMP and MPI, performance monitoring, program tuning, analysis and programming of numerical and symbolic parallel algorithms.", "ects": "3 OR 4", "semester": null, "created": "2017-10-30T15:07:40.122Z", "modified": "2017-10-30T15:07:41.673Z"}}, {"model": "csyllabusapi.courseprogram", "pk": 3193, "fields": {"course": 1462, "program": 41, "created": "2017-10-30T15:07:40.122Z"}}, {"model": "csyllabusapi.courseuniversity", "pk": 2685, "fields": {"course": 1462, "university": 10, "created": "2017-10-30T15:07:40.122Z"}}, {"model": "csyllabusapi.course", "pk": 1462, "fields": {"name": "Seminar", "description": "Seminar on topics of current interest as announced in the Class Schedule.", "ects": "0 TO 4", "semester": null, "created": "2017-10-30T15:07:40.122Z", "modified": "2017-10-30T15:07:41.673Z"}}, {"model": "csyllabusapi.courseprogram", "pk": 3194, "fields": {"course": 1463, "program": 41, "created": "2017-10-30T15:07:40.122Z"}}, {"model": "csyllabusapi.courseuniversity", "pk": 2686, "fields": {"course": 1463, "university": 10, "created": "2017-10-30T15:07:40.122Z"}}, {"model": "csyllabusapi.course", "pk": 1463, "fields": {"name": "Senior Project II, ACP", "description": "Continuation of", "ects": "3", "semester": null, "created": "2017-10-30T15:07:40.122Z", "modified": "2017-10-30T15:07:41.673Z"}}, {"model": "csyllabusapi.courseprogram", "pk": 3195, "fields": {"course": 1464, "program": 41, "created": "2017-10-30T15:07:40.122Z"}}, {"model": "csyllabusapi.courseuniversity", "pk": 2687, "fields": {"course": 1464, "university": 10, "created": "2017-10-30T15:07:40.122Z"}}, {"model": "csyllabusapi.course", "pk": 1464, "fields": {"name": "Senior Project II", "description": "Continuation of", "ects": "3", "semester": null, "created": "2017-10-30T15:07:40.122Z", "modified": "2017-10-30T15:07:41.673Z"}}, {"model": "csyllabusapi.courseprogram", "pk": 3196, "fields": {"course": 1465, "program": 41, "created": "2017-10-30T15:07:40.122Z"}}, {"model": "csyllabusapi.courseuniversity", "pk": 2688, "fields": {"course": 1465, "university": 10, "created": "2017-10-30T15:07:40.122Z"}}, {"model": "csyllabusapi.course", "pk": 1465, "fields": {"name": "CS Team Project", "description": "Student teams work with CS faculty to complete a significant project requiring advanced knowledge of CS principles. Project topics vary.", "ects": "1 TO 3", "semester": null, "created": "2017-10-30T15:07:40.122Z", "modified": "2017-10-30T15:07:41.673Z"}}, {"model": "csyllabusapi.courseprogram", "pk": 3197, "fields": {"course": 1466, "program": 41, "created": "2017-10-30T15:07:40.122Z"}}, {"model": "csyllabusapi.courseuniversity", "pk": 2689, "fields": {"course": 1466, "university": 10, "created": "2017-10-30T15:07:40.122Z"}}, {"model": "csyllabusapi.course", "pk": 1466, "fields": {"name": "Special Topics", "description": "Subject offerings of new and developing areas of knowledge in computer science intended to augment the existing curriculum. See Class Schedule or departmental course information for topics and prerequisites.", "ects": "1 to 4", "semester": null, "created": "2017-10-30T15:07:40.122Z", "modified": "2017-10-30T15:07:41.673Z"}}, {"model": "csyllabusapi.courseprogram", "pk": 3198, "fields": {"course": 1467, "program": 41, "created": "2017-10-30T15:07:40.122Z"}}, {"model": "csyllabusapi.courseuniversity", "pk": 2690, "fields": {"course": 1467, "university": 10, "created": "2017-10-30T15:07:40.122Z"}}, {"model": "csyllabusapi.course", "pk": 1467, "fields": {"name": "Senior Thesis", "description": "Research and thesis development experience in computer science underguidance of a faculty member. Literature search, oral presentation, analysis and implementation, paper preparation, and completion of a written thesis.", "ects": "3", "semester": null, "created": "2017-10-30T15:07:40.122Z", "modified": "2017-10-30T15:07:41.673Z"}}, {"model": "csyllabusapi.courseprogram", "pk": 3199, "fields": {"course": 1468, "program": 41, "created": "2017-10-30T15:07:40.122Z"}}, {"model": "csyllabusapi.courseuniversity", "pk": 2691, "fields": {"course": 1468, "university": 10, "created": "2017-10-30T15:07:40.122Z"}}, {"model": "csyllabusapi.course", "pk": 1468, "fields": {"name": "Advanced Information Retrieval", "description": "Advanced concepts, models, and algorithms in information retrieval and major recent developments in the field, including historical milestones in information retrieval research, evaluation methodology, vector space retrieval model, probabilistic retrieval models, learning to rank algorithms, probabilistic topic models, information retrieval systems, text analytics, and topics of research frontiers in information retrieval.", "ects": "4", "semester": null, "created": "2017-10-30T15:07:40.122Z", "modified": "2017-10-30T15:07:41.673Z"}}, {"model": "csyllabusapi.courseprogram", "pk": 3200, "fields": {"course": 1469, "program": 41, "created": "2017-10-30T15:07:40.122Z"}}, {"model": "csyllabusapi.courseuniversity", "pk": 2692, "fields": {"course": 1469, "university": 10, "created": "2017-10-30T15:07:40.122Z"}}, {"model": "csyllabusapi.course", "pk": 1469, "fields": {"name": "Theory & Practice of Data Cleaning", "description": "Same as", "ects": "4", "semester": null, "created": "2017-10-30T15:07:40.122Z", "modified": "2017-10-30T15:07:41.673Z"}}, {"model": "csyllabusapi.courseprogram", "pk": 3201, "fields": {"course": 1470, "program": 41, "created": "2017-10-30T15:07:40.122Z"}}, {"model": "csyllabusapi.courseuniversity", "pk": 2693, "fields": {"course": 1470, "university": 10, "created": "2017-10-30T15:07:40.122Z"}}, {"model": "csyllabusapi.course", "pk": 1470, "fields": {"name": "Programming Language Semantics", "description": "Theory of programming languages including functional programming, meta-circular interpreters, typed, untyped and polymorphic lambda-calculi, and denotational semantics.", "ects": "4", "semester": null, "created": "2017-10-30T15:07:40.122Z", "modified": "2017-10-30T15:07:41.673Z"}}, {"model": "csyllabusapi.courseprogram", "pk": 3202, "fields": {"course": 1471, "program": 41, "created": "2017-10-30T15:07:40.122Z"}}, {"model": "csyllabusapi.courseuniversity", "pk": 2694, "fields": {"course": 1471, "university": 10, "created": "2017-10-30T15:07:40.122Z"}}, {"model": "csyllabusapi.course", "pk": 1471, "fields": {"name": "Concurrent Progrmg Languages", "description": "Theory of concurrency and concurrent programming languages. Formal models of concurrent computation such as process algebras, nets, and actors; high level concurrent programming languages and their operational semantics; methods for reasoning about correctness and complexity of concurrent programs.", "ects": "4", "semester": null, "created": "2017-10-30T15:07:40.122Z", "modified": "2017-10-30T15:07:41.673Z"}}, {"model": "csyllabusapi.courseprogram", "pk": 3203, "fields": {"course": 1472, "program": 41, "created": "2017-10-30T15:07:40.122Z"}}, {"model": "csyllabusapi.courseuniversity", "pk": 2695, "fields": {"course": 1472, "university": 10, "created": "2017-10-30T15:07:40.122Z"}}, {"model": "csyllabusapi.course", "pk": 1472, "fields": {"name": "Fault-Tolerant Dig Syst Design", "description": "Same as", "ects": "4", "semester": null, "created": "2017-10-30T15:07:40.122Z", "modified": "2017-10-30T15:07:41.673Z"}}, {"model": "csyllabusapi.courseprogram", "pk": 3204, "fields": {"course": 1473, "program": 41, "created": "2017-10-30T15:07:40.122Z"}}, {"model": "csyllabusapi.courseuniversity", "pk": 2696, "fields": {"course": 1473, "university": 10, "created": "2017-10-30T15:07:40.122Z"}}, {"model": "csyllabusapi.course", "pk": 1473, "fields": {"name": "Computer Systems Analysis", "description": "Same as", "ects": "4", "semester": null, "created": "2017-10-30T15:07:40.122Z", "modified": "2017-10-30T15:07:41.673Z"}}, {"model": "csyllabusapi.courseprogram", "pk": 3205, "fields": {"course": 1474, "program": 41, "created": "2017-10-30T15:07:40.122Z"}}, {"model": "csyllabusapi.courseuniversity", "pk": 2697, "fields": {"course": 1474, "university": 10, "created": "2017-10-30T15:07:40.122Z"}}, {"model": "csyllabusapi.course", "pk": 1474, "fields": {"name": "Models of Cognitive Processes", "description": "Formal models and concepts in automated cognition; integrating machine learning and prior knowledge; current approaches and detailed analyses of the role of reasoning in the learning process; computational complexity and fundamental tradeoffs between expressiveness and tractability; implications for state-of-the-art artificial intelligence areas such as automated planning, the semantic web, relational learning, structured prediction, latent models, structure learning, theory formation, etc.; philosophical and psychological aspects of integrating analytic and empirical evidence.", "ects": "4", "semester": null, "created": "2017-10-30T15:07:40.122Z", "modified": "2017-10-30T15:07:41.673Z"}}, {"model": "csyllabusapi.courseprogram", "pk": 3206, "fields": {"course": 1475, "program": 41, "created": "2017-10-30T15:07:40.122Z"}}, {"model": "csyllabusapi.courseuniversity", "pk": 2698, "fields": {"course": 1475, "university": 10, "created": "2017-10-30T15:07:40.122Z"}}, {"model": "csyllabusapi.course", "pk": 1475, "fields": {"name": "Seminar in Cognitive Science", "description": "Same as", "ects": "2 OR 4", "semester": null, "created": "2017-10-30T15:07:40.122Z", "modified": "2017-10-30T15:07:41.673Z"}}, {"model": "csyllabusapi.courseprogram", "pk": 3207, "fields": {"course": 1476, "program": 41, "created": "2017-10-30T15:07:40.122Z"}}, {"model": "csyllabusapi.courseuniversity", "pk": 2699, "fields": {"course": 1476, "university": 10, "created": "2017-10-30T15:07:40.122Z"}}, {"model": "csyllabusapi.course", "pk": 1476, "fields": {"name": "Iterative & Multigrid Methods", "description": "Comprehensive treatment of algebraic and multigrid iterative methods to solve systems of equations, primarily linear equations arising from discretization of partial differential equations.", "ects": "4", "semester": null, "created": "2017-10-30T15:07:40.122Z", "modified": "2017-10-30T15:07:41.673Z"}}, {"model": "csyllabusapi.courseprogram", "pk": 3208, "fields": {"course": 1477, "program": 41, "created": "2017-10-30T15:07:40.122Z"}}, {"model": "csyllabusapi.courseuniversity", "pk": 2700, "fields": {"course": 1477, "university": 10, "created": "2017-10-30T15:07:40.122Z"}}, {"model": "csyllabusapi.course", "pk": 1477, "fields": {"name": "Advanced Computer Security", "description": "Current research trends in computer and network security. Privacy, tamper-resistance, unwanted traffic, monitoring and surveillance, and critical infrastructure protection. Subtopics will vary depending upon current research trends. Students work in teams in close coordination with the course instructor to develop one of the topics in depth by carrying out background research and an exploratory project.", "ects": "4", "semester": null, "created": "2017-10-30T15:07:40.122Z", "modified": "2017-10-30T15:07:41.673Z"}}, {"model": "csyllabusapi.courseprogram", "pk": 3209, "fields": {"course": 1478, "program": 41, "created": "2017-10-30T15:07:40.122Z"}}, {"model": "csyllabusapi.courseuniversity", "pk": 2701, "fields": {"course": 1478, "university": 10, "created": "2017-10-30T15:07:40.122Z"}}, {"model": "csyllabusapi.course", "pk": 1478, "fields": {"name": "Combinatorial Mathematics", "description": "Same as", "ects": "4", "semester": null, "created": "2017-10-30T15:07:40.122Z", "modified": "2017-10-30T15:07:41.673Z"}}, {"model": "csyllabusapi.courseprogram", "pk": 3210, "fields": {"course": 1479, "program": 41, "created": "2017-10-30T15:07:40.122Z"}}, {"model": "csyllabusapi.courseuniversity", "pk": 2702, "fields": {"course": 1479, "university": 10, "created": "2017-10-30T15:07:40.122Z"}}, {"model": "csyllabusapi.course", "pk": 1479, "fields": {"name": "Embedded System Verification", "description": "Same as", "ects": "4", "semester": null, "created": "2017-10-30T15:07:40.122Z", "modified": "2017-10-30T15:07:41.673Z"}}, {"model": "csyllabusapi.courseprogram", "pk": 3211, "fields": {"course": 1480, "program": 41, "created": "2017-10-30T15:07:40.122Z"}}, {"model": "csyllabusapi.courseuniversity", "pk": 2703, "fields": {"course": 1480, "university": 10, "created": "2017-10-30T15:07:40.122Z"}}, {"model": "csyllabusapi.course", "pk": 1480, "fields": {"name": "Advanced Seminar", "description": "Seminar on topics of current interest as announced in the Class Schedule.", "ects": "0 TO 4", "semester": null, "created": "2017-10-30T15:07:40.122Z", "modified": "2017-10-30T15:07:41.673Z"}}, {"model": "csyllabusapi.courseprogram", "pk": 3212, "fields": {"course": 1481, "program": 41, "created": "2017-10-30T15:07:40.122Z"}}, {"model": "csyllabusapi.courseuniversity", "pk": 2704, "fields": {"course": 1481, "university": 10, "created": "2017-10-30T15:07:40.122Z"}}, {"model": "csyllabusapi.course", "pk": 1481, "fields": {"name": "Individual Study", "description": "Individual study or reading in a subject not covered in normal course offerings.", "ects": "2 TO 16", "semester": null, "created": "2017-10-30T15:07:40.122Z", "modified": "2017-10-30T15:07:41.673Z"}}, {"model": "csyllabusapi.courseprogram", "pk": 3213, "fields": {"course": 1482, "program": 41, "created": "2017-10-30T15:07:40.122Z"}}, {"model": "csyllabusapi.courseuniversity", "pk": 2705, "fields": {"course": 1482, "university": 10, "created": "2017-10-30T15:07:40.122Z"}}, {"model": "csyllabusapi.course", "pk": 1482, "fields": {"name": "Special Topics", "description": "Subject offerings of new and developing areas of knowledge in computer science intended to augment the existing curriculum. See Class Schedule or departmental course information for topics and prerequisites.", "ects": "2 TO 4", "semester": null, "created": "2017-10-30T15:07:40.122Z", "modified": "2017-10-30T15:07:41.673Z"}}, {"model": "csyllabusapi.courseprogram", "pk": 3214, "fields": {"course": 1483, "program": 41, "created": "2017-10-30T15:07:40.122Z"}}, {"model": "csyllabusapi.courseuniversity", "pk": 2706, "fields": {"course": 1483, "university": 10, "created": "2017-10-30T15:07:40.122Z"}}, {"model": "csyllabusapi.course", "pk": 1483, "fields": {"name": "Thesis Research", "description": "Approved for S/U grading only. May be repeated.", "ects": "0 TO 16", "semester": null, "created": "2017-10-30T15:07:40.122Z", "modified": "2017-10-30T15:07:41.673Z"}}]