[{"pk": 7, "model": "csyllabusapi.country", "fields": {"modified": "2017-10-30T15:20:52.235Z", "name": "United Kingdom", "img": "", "created": "2017-10-30T15:20:51.049Z"}}, {"pk": 12, "model": "csyllabusapi.city", "fields": {"modified": "2017-10-30T15:20:52.235Z", "country": 7, "name": "London", "img": "", "created": "2017-10-30T15:20:51.049Z"}}, {"pk": 9, "model": "csyllabusapi.university", "fields": {"city": 12, "name": "University of London", "img": "", "created": "2017-10-30T15:05:19.541Z", "country": 7, "modified": "2017-10-30T15:05:20.945Z"}}, {"pk": 39, "model": "csyllabusapi.program", "fields": {"created": "2017-10-30T15:07:40.122Z", "name": "Computer Science and Engineering", "modified": "2017-10-30T15:07:41.673Z", "study_level": "undergraduate and graduate"}}, {"pk": 39, "model": "csyllabusapi.programuniversity", "fields": {"university": 9, "program": 39, "created": "2017-10-30T15:07:40.122Z"}}, {"pk": 39, "model": "csyllabusapi.programcity", "fields": {"city": 12, "program": 39, "created": "2017-10-30T15:07:40.122Z"}}, {"pk": 39, "model": "csyllabusapi.programcountry", "fields": {"country": 7, "program": 39, "created": "2017-10-30T15:07:40.122Z"}}, {"pk": 2774, "model": "csyllabusapi.courseprogram", "fields": {"course": 1043, "program": 39, "created": "2017-10-30T15:07:40.122Z"}}, {"pk": 1043, "model": "csyllabusapi.courseuniversity", "fields": {"course": 1043, "university": 9, "created": "2017-10-30T15:07:40.122Z"}}, {"pk": 1043, "model": "csyllabusapi.course", "fields": {"name": "Advanced Mechanical Engineering", "ects": null, "created": "2017-10-30T15:07:40.122Z", "modified": "2017-10-30T15:07:41.673Z", "semester": null, "description": "Advanced Mechanical Engineering MSc course - gain invaluable practice skills to enter a global market."}}, {"pk": 2775, "model": "csyllabusapi.courseprogram", "fields": {"course": 1044, "program": 39, "created": "2017-10-30T15:07:40.122Z"}}, {"pk": 1044, "model": "csyllabusapi.courseuniversity", "fields": {"course": 1044, "university": 9, "created": "2017-10-30T15:07:40.122Z"}}, {"pk": 1044, "model": "csyllabusapi.course", "fields": {"name": "Aeronautical Engineering", "ects": null, "created": "2017-10-30T15:07:40.122Z", "modified": "2017-10-30T15:07:41.673Z", "semester": null, "description": "The BEng (Hons) Aeronautical Engineering course will prepare you for an exciting and rewarding career in the global aerospace industry, working on manned and unmanned aircraft and spacecraft projects."}}, {"pk": 2776, "model": "csyllabusapi.courseprogram", "fields": {"course": 1045, "program": 39, "created": "2017-10-30T15:07:40.122Z"}}, {"pk": 1045, "model": "csyllabusapi.courseuniversity", "fields": {"course": 1045, "university": 9, "created": "2017-10-30T15:07:40.122Z"}}, {"pk": 1045, "model": "csyllabusapi.course", "fields": {"name": "Aeronautical Engineering", "ects": null, "created": "2017-10-30T15:07:40.122Z", "modified": "2017-10-30T15:07:41.673Z", "semester": null, "description": "The BEng/MEng Aeronautical Engineering course will prepare you for an exciting and rewarding career in the global aerospace industry, working on manned and unmanned aircraft and spacecraft projects."}}, {"pk": 2777, "model": "csyllabusapi.courseprogram", "fields": {"course": 1046, "program": 39, "created": "2017-10-30T15:07:40.122Z"}}, {"pk": 1046, "model": "csyllabusapi.courseuniversity", "fields": {"course": 1046, "university": 9, "created": "2017-10-30T15:07:40.122Z"}}, {"pk": 1046, "model": "csyllabusapi.course", "fields": {"name": "Air Safety Management", "ects": null, "created": "2017-10-30T15:07:40.122Z", "modified": "2017-10-30T15:07:41.673Z", "semester": null, "description": "With the MSc Air Safety Management you can align, develop or transform your career. This Masters course is approved by the Royal Aeronautical Society."}}, {"pk": 2778, "model": "csyllabusapi.courseprogram", "fields": {"course": 1047, "program": 39, "created": "2017-10-30T15:07:40.122Z"}}, {"pk": 1047, "model": "csyllabusapi.courseuniversity", "fields": {"course": 1047, "university": 9, "created": "2017-10-30T15:07:40.122Z"}}, {"pk": 1047, "model": "csyllabusapi.course", "fields": {"name": "Air Transport Management", "ects": null, "created": "2017-10-30T15:07:40.122Z", "modified": "2017-10-30T15:07:41.673Z", "semester": null, "description": "Air Transport Management MSc Course - Royal Aeronautical Society approved, take your career within air transport management to the next level."}}, {"pk": 2779, "model": "csyllabusapi.courseprogram", "fields": {"course": 1048, "program": 39, "created": "2017-10-30T15:07:40.122Z"}}, {"pk": 1048, "model": "csyllabusapi.courseuniversity", "fields": {"course": 1048, "university": 9, "created": "2017-10-30T15:07:40.122Z"}}, {"pk": 1048, "model": "csyllabusapi.course", "fields": {"name": "Aircraft Maintenance Management", "ects": null, "created": "2017-10-30T15:07:40.122Z", "modified": "2017-10-30T15:07:41.673Z", "semester": null, "description": "Aircraft Maintenance Management MSc Course - Royal Aeronautical Society approved, take your career within aircraft maintenance to the next level."}}, {"pk": 2780, "model": "csyllabusapi.courseprogram", "fields": {"course": 1049, "program": 39, "created": "2017-10-30T15:07:40.122Z"}}, {"pk": 1049, "model": "csyllabusapi.courseuniversity", "fields": {"course": 1049, "university": 9, "created": "2017-10-30T15:07:40.122Z"}}, {"pk": 1049, "model": "csyllabusapi.course", "fields": {"name": "Airport Management", "ects": null, "created": "2017-10-30T15:07:40.122Z", "modified": "2017-10-30T15:07:41.673Z", "semester": null, "description": ""}}, {"pk": 2781, "model": "csyllabusapi.courseprogram", "fields": {"course": 1050, "program": 39, "created": "2017-10-30T15:07:40.122Z"}}, {"pk": 1050, "model": "csyllabusapi.courseuniversity", "fields": {"course": 1050, "university": 9, "created": "2017-10-30T15:07:40.122Z"}}, {"pk": 1050, "model": "csyllabusapi.course", "fields": {"name": "Biomedical Engineering", "ects": null, "created": "2017-10-30T15:07:40.122Z", "modified": "2017-10-30T15:07:41.673Z", "semester": null, "description": "This course covers the range of engineering applications that are relevant to the needs of the healthcare industry and draws on City, University of London's long-standing expertise in technology and healthcare."}}, {"pk": 2782, "model": "csyllabusapi.courseprogram", "fields": {"course": 1051, "program": 39, "created": "2017-10-30T15:07:40.122Z"}}, {"pk": 1051, "model": "csyllabusapi.courseuniversity", "fields": {"course": 1051, "university": 9, "created": "2017-10-30T15:07:40.122Z"}}, {"pk": 1051, "model": "csyllabusapi.course", "fields": {"name": "Biomedical Engineering", "ects": null, "created": "2017-10-30T15:07:40.122Z", "modified": "2017-10-30T15:07:41.673Z", "semester": null, "description": "The BEng (Hons) degree in Biomedical Engineering covers a range of engineering applications relevant to the needs of the healthcare industry and makes use of at City, University of London's long-standing expertise in technology and healthcare."}}, {"pk": 2783, "model": "csyllabusapi.courseprogram", "fields": {"course": 1052, "program": 39, "created": "2017-10-30T15:07:40.122Z"}}, {"pk": 1052, "model": "csyllabusapi.courseuniversity", "fields": {"course": 1052, "university": 9, "created": "2017-10-30T15:07:40.122Z"}}, {"pk": 1052, "model": "csyllabusapi.course", "fields": {"name": "Biomedical Engineering with Healthcare Technology Management", "ects": null, "created": "2017-10-30T15:07:40.122Z", "modified": "2017-10-30T15:07:41.673Z", "semester": null, "description": "The Biomedical Engineering with Healthcare Technology Management MSc course is revolutionary. Engineer the future technology transforming patients\u2019 lives."}}, {"pk": 2784, "model": "csyllabusapi.courseprogram", "fields": {"course": 1053, "program": 39, "created": "2017-10-30T15:07:40.122Z"}}, {"pk": 1053, "model": "csyllabusapi.courseuniversity", "fields": {"course": 1053, "university": 9, "created": "2017-10-30T15:07:40.122Z"}}, {"pk": 1053, "model": "csyllabusapi.course", "fields": {"name": "Business Computing Systems", "ects": null, "created": "2017-10-30T15:07:40.122Z", "modified": "2017-10-30T15:07:41.673Z", "semester": null, "description": "Businesses need computing professionals with both technical skills and business knowledge. A degree in Business Computing Systems from City University London will help you enter a career as a computing professional for tomorrow's business."}}, {"pk": 2785, "model": "csyllabusapi.courseprogram", "fields": {"course": 1054, "program": 39, "created": "2017-10-30T15:07:40.122Z"}}, {"pk": 1054, "model": "csyllabusapi.courseuniversity", "fields": {"course": 1054, "university": 9, "created": "2017-10-30T15:07:40.122Z"}}, {"pk": 1054, "model": "csyllabusapi.course", "fields": {"name": "Business Systems Analysis and Design", "ects": null, "created": "2017-10-30T15:07:40.122Z", "modified": "2017-10-30T15:07:41.673Z", "semester": null, "description": "Business Systems Analysis and Design MSc Course - Accredited by the British Computer Society, analyse business systems within a real-world context."}}, {"pk": 2786, "model": "csyllabusapi.courseprogram", "fields": {"course": 1055, "program": 39, "created": "2017-10-30T15:07:40.122Z"}}, {"pk": 1055, "model": "csyllabusapi.courseuniversity", "fields": {"course": 1055, "university": 9, "created": "2017-10-30T15:07:40.122Z"}}, {"pk": 1055, "model": "csyllabusapi.course", "fields": {"name": "CFD in Turbomachinery", "ects": null, "created": "2017-10-30T15:07:40.122Z", "modified": "2017-10-30T15:07:41.673Z", "semester": null, "description": "Short course in Computational Fluid Dynamics in the Department of Mechanical Engineering & Aeronautics"}}, {"pk": 2787, "model": "csyllabusapi.courseprogram", "fields": {"course": 1056, "program": 39, "created": "2017-10-30T15:07:40.122Z"}}, {"pk": 1056, "model": "csyllabusapi.courseuniversity", "fields": {"course": 1056, "university": 9, "created": "2017-10-30T15:07:40.122Z"}}, {"pk": 1056, "model": "csyllabusapi.course", "fields": {"name": "Civil Engineering", "ects": null, "created": "2017-10-30T15:07:40.122Z", "modified": "2017-10-30T15:07:41.673Z", "semester": null, "description": "Research degrees are available in MPhil/PhD in Civil Engineering, MPhil/PhD in Geotechnical Engineering, MPhil/PhD in Hydraulic Engineering and MPhil/PhD in Structural Engineering."}}, {"pk": 2788, "model": "csyllabusapi.courseprogram", "fields": {"course": 1057, "program": 39, "created": "2017-10-30T15:07:40.122Z"}}, {"pk": 1057, "model": "csyllabusapi.courseuniversity", "fields": {"course": 1057, "university": 9, "created": "2017-10-30T15:07:40.122Z"}}, {"pk": 1057, "model": "csyllabusapi.course", "fields": {"name": "Civil Engineering", "ects": null, "created": "2017-10-30T15:07:40.122Z", "modified": "2017-10-30T15:07:41.673Z", "semester": null, "description": "The course is taught using a combination of lectures, coursework and projects. Much of the coursework is related to laboratory experiments. Project work is extensively supported by industry to provide insight into the demands of civil engineering practice."}}, {"pk": 2789, "model": "csyllabusapi.courseprogram", "fields": {"course": 1058, "program": 39, "created": "2017-10-30T15:07:40.122Z"}}, {"pk": 1058, "model": "csyllabusapi.courseuniversity", "fields": {"course": 1058, "university": 9, "created": "2017-10-30T15:07:40.122Z"}}, {"pk": 1058, "model": "csyllabusapi.course", "fields": {"name": "Civil Engineering", "ects": null, "created": "2017-10-30T15:07:40.122Z", "modified": "2017-10-30T15:07:41.673Z", "semester": null, "description": "City's MEng Civil Engineering course provides theoretical knowledge in the key subjects of analytical methods, structural geotechnical & hydraulic engineering. The main focus in the final year is an extensive design project."}}, {"pk": 2790, "model": "csyllabusapi.courseprogram", "fields": {"course": 1059, "program": 39, "created": "2017-10-30T15:07:40.122Z"}}, {"pk": 1059, "model": "csyllabusapi.courseuniversity", "fields": {"course": 1059, "university": 9, "created": "2017-10-30T15:07:40.122Z"}}, {"pk": 1059, "model": "csyllabusapi.course", "fields": {"name": "Civil Engineering Foundation Programme", "ects": null, "created": "2017-10-30T15:07:40.122Z", "modified": "2017-10-30T15:07:41.673Z", "semester": null, "description": "The Foundation course provides a pathway to BEng and MEng degree courses in Civil Engineering."}}, {"pk": 2791, "model": "csyllabusapi.courseprogram", "fields": {"course": 1060, "program": 39, "created": "2017-10-30T15:07:40.122Z"}}, {"pk": 1060, "model": "csyllabusapi.courseuniversity", "fields": {"course": 1060, "university": 9, "created": "2017-10-30T15:07:40.122Z"}}, {"pk": 1060, "model": "csyllabusapi.course", "fields": {"name": "Civil Engineering Structures", "ects": null, "created": "2017-10-30T15:07:40.122Z", "modified": "2017-10-30T15:07:41.673Z", "semester": null, "description": "With City\u2019s Civil Engineering Structures MSc degree course you can prepare yourself to create the structures that will shape tomorrow\u2019s world."}}, {"pk": 2792, "model": "csyllabusapi.courseprogram", "fields": {"course": 1061, "program": 39, "created": "2017-10-30T15:07:40.122Z"}}, {"pk": 1061, "model": "csyllabusapi.courseuniversity", "fields": {"course": 1061, "university": 9, "created": "2017-10-30T15:07:40.122Z"}}, {"pk": 1061, "model": "csyllabusapi.course", "fields": {"name": "Civil Engineering Structures (Nuclear Power Plants)", "ects": null, "created": "2017-10-30T15:07:40.122Z", "modified": "2017-10-30T15:07:41.673Z", "semester": null, "description": "Civil Engineering Structures (Nuclear Power Plants) MSc course - JBM accredited, this programme is the only accredited course in the UK in this area."}}, {"pk": 2793, "model": "csyllabusapi.courseprogram", "fields": {"course": 1062, "program": 39, "created": "2017-10-30T15:07:40.122Z"}}, {"pk": 1062, "model": "csyllabusapi.courseuniversity", "fields": {"course": 1062, "university": 9, "created": "2017-10-30T15:07:40.122Z"}}, {"pk": 1062, "model": "csyllabusapi.course", "fields": {"name": "Computer Games Technology", "ects": null, "created": "2017-10-30T15:07:40.122Z", "modified": "2017-10-30T15:07:41.673Z", "semester": null, "description": "Computer Games Technology MSc course - Study the Computer Games Technology postgraduate degree to develop technical skills for a career in gaming."}}, {"pk": 2794, "model": "csyllabusapi.courseprogram", "fields": {"course": 1063, "program": 39, "created": "2017-10-30T15:07:40.122Z"}}, {"pk": 1063, "model": "csyllabusapi.courseuniversity", "fields": {"course": 1063, "university": 9, "created": "2017-10-30T15:07:40.122Z"}}, {"pk": 1063, "model": "csyllabusapi.course", "fields": {"name": "Computer Science", "ects": null, "created": "2017-10-30T15:07:40.122Z", "modified": "2017-10-30T15:07:41.673Z", "semester": null, "description": "Course information for MSci (Hons) Computer Science at City, University of London"}}, {"pk": 2795, "model": "csyllabusapi.courseprogram", "fields": {"course": 1064, "program": 39, "created": "2017-10-30T15:07:40.122Z"}}, {"pk": 1064, "model": "csyllabusapi.courseuniversity", "fields": {"course": 1064, "university": 9, "created": "2017-10-30T15:07:40.122Z"}}, {"pk": 1064, "model": "csyllabusapi.course", "fields": {"name": "Computer Science", "ects": null, "created": "2017-10-30T15:07:40.122Z", "modified": "2017-10-30T15:07:41.673Z", "semester": null, "description": "The Department of Computer Science has a vibrant and dynamic community of research students and welcomes applications from candidates whose interests align with those of our academic staff."}}, {"pk": 2796, "model": "csyllabusapi.courseprogram", "fields": {"course": 1065, "program": 39, "created": "2017-10-30T15:07:40.122Z"}}, {"pk": 1065, "model": "csyllabusapi.courseuniversity", "fields": {"course": 1065, "university": 9, "created": "2017-10-30T15:07:40.122Z"}}, {"pk": 1065, "model": "csyllabusapi.course", "fields": {"name": "Computer Science", "ects": null, "created": "2017-10-30T15:07:40.122Z", "modified": "2017-10-30T15:07:41.673Z", "semester": null, "description": "A degree in Computer Science from City, University of London will provide you with a strong, broad-based education in computing as a scientific and technological discipline."}}, {"pk": 2797, "model": "csyllabusapi.courseprogram", "fields": {"course": 1066, "program": 39, "created": "2017-10-30T15:07:40.122Z"}}, {"pk": 1066, "model": "csyllabusapi.courseuniversity", "fields": {"course": 1066, "university": 9, "created": "2017-10-30T15:07:40.122Z"}}, {"pk": 1066, "model": "csyllabusapi.course", "fields": {"name": "Computer Science with Cyber Security", "ects": null, "created": "2017-10-30T15:07:40.122Z", "modified": "2017-10-30T15:07:41.673Z", "semester": null, "description": "This degree prepares students for a successful career in technical areas of computer science and information security by developing skills in analysis, design and programming and specialisms in cyber security."}}, {"pk": 2798, "model": "csyllabusapi.courseprogram", "fields": {"course": 1067, "program": 39, "created": "2017-10-30T15:07:40.122Z"}}, {"pk": 1067, "model": "csyllabusapi.courseuniversity", "fields": {"course": 1067, "university": 9, "created": "2017-10-30T15:07:40.122Z"}}, {"pk": 1067, "model": "csyllabusapi.course", "fields": {"name": "Computer Science with Games Technology", "ects": null, "created": "2017-10-30T15:07:40.122Z", "modified": "2017-10-30T15:07:41.673Z", "semester": null, "description": "City's MSci Computer Science with Games Technology degree develops technical, games-building skills along with a more general computer science education."}}, {"pk": 2799, "model": "csyllabusapi.courseprogram", "fields": {"course": 1068, "program": 39, "created": "2017-10-30T15:07:40.122Z"}}, {"pk": 1068, "model": "csyllabusapi.courseuniversity", "fields": {"course": 1068, "university": 9, "created": "2017-10-30T15:07:40.122Z"}}, {"pk": 1068, "model": "csyllabusapi.course", "fields": {"name": "Computer Science with Games Technology", "ects": null, "created": "2017-10-30T15:07:40.122Z", "modified": "2017-10-30T15:07:41.673Z", "semester": null, "description": "The computer games industry needs graduates with strong technical skills and a flair for creative design. This degree provides technical, gamesbuilding skills, as well as a more general computer science education."}}, {"pk": 2800, "model": "csyllabusapi.courseprogram", "fields": {"course": 1069, "program": 39, "created": "2017-10-30T15:07:40.122Z"}}, {"pk": 1069, "model": "csyllabusapi.courseuniversity", "fields": {"course": 1069, "university": 9, "created": "2017-10-30T15:07:40.122Z"}}, {"pk": 1069, "model": "csyllabusapi.course", "fields": {"name": "Construction Management", "ects": null, "created": "2017-10-30T15:07:40.122Z", "modified": "2017-10-30T15:07:41.673Z", "semester": null, "description": "Construction Management MSc Course - This postgraduate degree programme equips you for a management career in the construction industry."}}, {"pk": 2801, "model": "csyllabusapi.courseprogram", "fields": {"course": 1070, "program": 39, "created": "2017-10-30T15:07:40.122Z"}}, {"pk": 1070, "model": "csyllabusapi.courseuniversity", "fields": {"course": 1070, "university": 9, "created": "2017-10-30T15:07:40.122Z"}}, {"pk": 1070, "model": "csyllabusapi.course", "fields": {"name": "Cyber Security", "ects": null, "created": "2017-10-30T15:07:40.122Z", "modified": "2017-10-30T15:07:41.673Z", "semester": null, "description": "Cyber Security MSc Course - This postgraduate degree is for students looking to develop and attain skills for a career within cyber security."}}, {"pk": 2802, "model": "csyllabusapi.courseprogram", "fields": {"course": 1071, "program": 39, "created": "2017-10-30T15:07:40.122Z"}}, {"pk": 1071, "model": "csyllabusapi.courseuniversity", "fields": {"course": 1071, "university": 9, "created": "2017-10-30T15:07:40.122Z"}}, {"pk": 1071, "model": "csyllabusapi.course", "fields": {"name": "Data Science", "ects": null, "created": "2017-10-30T15:07:40.122Z", "modified": "2017-10-30T15:07:41.673Z", "semester": null, "description": "With City\u2019s MSc in Data Science course you can develop the skills and knowledge to analyse data in many forms and communicate insights."}}, {"pk": 2803, "model": "csyllabusapi.courseprogram", "fields": {"course": 1072, "program": 39, "created": "2017-10-30T15:07:40.122Z"}}, {"pk": 1072, "model": "csyllabusapi.courseuniversity", "fields": {"course": 1072, "university": 9, "created": "2017-10-30T15:07:40.122Z"}}, {"pk": 1072, "model": "csyllabusapi.course", "fields": {"name": "Data Science", "ects": null, "created": "2017-10-30T15:07:40.122Z", "modified": "2017-10-30T15:07:41.673Z", "semester": null, "description": "MSci (Hons) in Data Science at City \u2013 excel in computing and data analysis for an exciting career in working on data-intensive real-world problems"}}, {"pk": 2804, "model": "csyllabusapi.courseprogram", "fields": {"course": 1073, "program": 39, "created": "2017-10-30T15:07:40.122Z"}}, {"pk": 1073, "model": "csyllabusapi.courseuniversity", "fields": {"course": 1073, "university": 9, "created": "2017-10-30T15:07:40.122Z"}}, {"pk": 1073, "model": "csyllabusapi.course", "fields": {"name": "Drupal Site Builder: Beginner, Intermediate and Advanced", "ects": null, "created": "2017-10-30T15:07:40.122Z", "modified": "2017-10-30T15:07:41.673Z", "semester": null, "description": "Drupal course offered by City, University of London"}}, {"pk": 2805, "model": "csyllabusapi.courseprogram", "fields": {"course": 1074, "program": 39, "created": "2017-10-30T15:07:40.122Z"}}, {"pk": 1074, "model": "csyllabusapi.courseuniversity", "fields": {"course": 1074, "university": 9, "created": "2017-10-30T15:07:40.122Z"}}, {"pk": 1074, "model": "csyllabusapi.course", "fields": {"name": "Electrical & Electronic Engineering and Biomedical Engineering Foundation", "ects": null, "created": "2017-10-30T15:07:40.122Z", "modified": "2017-10-30T15:07:41.673Z", "semester": null, "description": "The Foundation course provides a pathway to BEng and MEng degree courses in Electrical & Electronic Engineering and Biomedical Engineering."}}, {"pk": 2806, "model": "csyllabusapi.courseprogram", "fields": {"course": 1075, "program": 39, "created": "2017-10-30T15:07:40.122Z"}}, {"pk": 1075, "model": "csyllabusapi.courseuniversity", "fields": {"course": 1075, "university": 9, "created": "2017-10-30T15:07:40.122Z"}}, {"pk": 1075, "model": "csyllabusapi.course", "fields": {"name": "Electrical and Electronic Engineering", "ects": null, "created": "2017-10-30T15:07:40.122Z", "modified": "2017-10-30T15:07:41.673Z", "semester": null, "description": "Electrical and Electronic Engineering at City, University of London has a long-standing tradition of excellence."}}, {"pk": 2807, "model": "csyllabusapi.courseprogram", "fields": {"course": 1076, "program": 39, "created": "2017-10-30T15:07:40.122Z"}}, {"pk": 1076, "model": "csyllabusapi.courseuniversity", "fields": {"course": 1076, "university": 9, "created": "2017-10-30T15:07:40.122Z"}}, {"pk": 1076, "model": "csyllabusapi.course", "fields": {"name": "Electrical and Electronic Engineering", "ects": null, "created": "2017-10-30T15:07:40.122Z", "modified": "2017-10-30T15:07:41.673Z", "semester": null, "description": "The MEng Electrical and Electronic Engineering course delivers a breadth of skills and knowledge over four years of study and includes industrially relevant group and individual projects in the final year."}}, {"pk": 2808, "model": "csyllabusapi.courseprogram", "fields": {"course": 1077, "program": 39, "created": "2017-10-30T15:07:40.122Z"}}, {"pk": 1077, "model": "csyllabusapi.courseuniversity", "fields": {"course": 1077, "university": 9, "created": "2017-10-30T15:07:40.122Z"}}, {"pk": 1077, "model": "csyllabusapi.course", "fields": {"name": "Electrical and Electronic Engineering", "ects": null, "created": "2017-10-30T15:07:40.122Z", "modified": "2017-10-30T15:07:41.673Z", "semester": null, "description": "Candidates carry out original research within the Department of Electrical and Electronic Engineering in the areas of three research centres."}}, {"pk": 2809, "model": "csyllabusapi.courseprogram", "fields": {"course": 1078, "program": 39, "created": "2017-10-30T15:07:40.122Z"}}, {"pk": 1078, "model": "csyllabusapi.courseuniversity", "fields": {"course": 1078, "university": 9, "created": "2017-10-30T15:07:40.122Z"}}, {"pk": 1078, "model": "csyllabusapi.course", "fields": {"name": "Energy and Environmental Technology and Economics", "ects": null, "created": "2017-10-30T15:07:40.122Z", "modified": "2017-10-30T15:07:41.673Z", "semester": null, "description": "Discover the real-world career opportunities in the energy sector with the MSc in Energy and Environmental Technology and Economics course."}}, {"pk": 2810, "model": "csyllabusapi.courseprogram", "fields": {"course": 1079, "program": 39, "created": "2017-10-30T15:07:40.122Z"}}, {"pk": 1079, "model": "csyllabusapi.courseuniversity", "fields": {"course": 1079, "university": 9, "created": "2017-10-30T15:07:40.122Z"}}, {"pk": 1079, "model": "csyllabusapi.course", "fields": {"name": "Engineering", "ects": null, "created": "2017-10-30T15:07:40.122Z", "modified": "2017-10-30T15:07:41.673Z", "semester": null, "description": "The BEng (Hons) Engineering degree at City, University of London prepares multidisciplinary engineers for an exciting career in computational design and analysis."}}, {"pk": 2811, "model": "csyllabusapi.courseprogram", "fields": {"course": 1080, "program": 39, "created": "2017-10-30T15:07:40.122Z"}}, {"pk": 1080, "model": "csyllabusapi.courseuniversity", "fields": {"course": 1080, "university": 9, "created": "2017-10-30T15:07:40.122Z"}}, {"pk": 1080, "model": "csyllabusapi.course", "fields": {"name": "Engineering", "ects": null, "created": "2017-10-30T15:07:40.122Z", "modified": "2017-10-30T15:07:41.673Z", "semester": null, "description": "The MEng (Hons) Engineering degree at City, University of London offers an integrated Masters course responding to the demand for engineers enthused by tackling cross-disciplinary challenges."}}, {"pk": 2812, "model": "csyllabusapi.courseprogram", "fields": {"course": 1081, "program": 39, "created": "2017-10-30T15:07:40.122Z"}}, {"pk": 1081, "model": "csyllabusapi.courseuniversity", "fields": {"course": 1081, "university": 9, "created": "2017-10-30T15:07:40.122Z"}}, {"pk": 1081, "model": "csyllabusapi.course", "fields": {"name": "Health Informatics", "ects": null, "created": "2017-10-30T15:07:40.122Z", "modified": "2017-10-30T15:07:41.673Z", "semester": null, "description": "Health Informatics MSc course - This postgraduate degree is ideal for anyone looking to develop their career in the health sector."}}, {"pk": 2813, "model": "csyllabusapi.courseprogram", "fields": {"course": 1082, "program": 39, "created": "2017-10-30T15:07:40.122Z"}}, {"pk": 1082, "model": "csyllabusapi.courseuniversity", "fields": {"course": 1082, "university": 9, "created": "2017-10-30T15:07:40.122Z"}}, {"pk": 1082, "model": "csyllabusapi.course", "fields": {"name": "Human-Computer Interaction Design", "ects": null, "created": "2017-10-30T15:07:40.122Z", "modified": "2017-10-30T15:07:41.673Z", "semester": null, "description": "Human-Computer Interaction Design MSc course - Develop a career in User Experience (UX) with the postgraduate degree on HCI from City, University of London."}}, {"pk": 2814, "model": "csyllabusapi.courseprogram", "fields": {"course": 1083, "program": 39, "created": "2017-10-30T15:07:40.122Z"}}, {"pk": 1083, "model": "csyllabusapi.courseuniversity", "fields": {"course": 1083, "university": 9, "created": "2017-10-30T15:07:40.122Z"}}, {"pk": 1083, "model": "csyllabusapi.course", "fields": {"name": "Information Science", "ects": null, "created": "2017-10-30T15:07:40.122Z", "modified": "2017-10-30T15:07:41.673Z", "semester": null, "description": "Information Science MSc course - Approved by CILIP, this degree is ideal for anyone seeking a career in information and data services."}}, {"pk": 2815, "model": "csyllabusapi.courseprogram", "fields": {"course": 1084, "program": 39, "created": "2017-10-30T15:07:40.122Z"}}, {"pk": 1084, "model": "csyllabusapi.courseuniversity", "fields": {"course": 1084, "university": 9, "created": "2017-10-30T15:07:40.122Z"}}, {"pk": 1084, "model": "csyllabusapi.course", "fields": {"name": "Information Systems and Technology", "ects": null, "created": "2017-10-30T15:07:40.122Z", "modified": "2017-10-30T15:07:41.673Z", "semester": null, "description": "Information Systems And Technology MSc course - Approved by the Chartered Institute of IT, this degree develops the skills to manage IT infrastructure."}}, {"pk": 2816, "model": "csyllabusapi.courseprogram", "fields": {"course": 1085, "program": 39, "created": "2017-10-30T15:07:40.122Z"}}, {"pk": 1085, "model": "csyllabusapi.courseuniversity", "fields": {"course": 1085, "university": 9, "created": "2017-10-30T15:07:40.122Z"}}, {"pk": 1085, "model": "csyllabusapi.course", "fields": {"name": "Internet of Things with Entrepreneurship", "ects": null, "created": "2017-10-30T15:07:40.122Z", "modified": "2017-10-30T15:07:41.673Z", "semester": null, "description": ""}}, {"pk": 2817, "model": "csyllabusapi.courseprogram", "fields": {"course": 1086, "program": 39, "created": "2017-10-30T15:07:40.122Z"}}, {"pk": 1086, "model": "csyllabusapi.courseuniversity", "fields": {"course": 1086, "university": 9, "created": "2017-10-30T15:07:40.122Z"}}, {"pk": 1086, "model": "csyllabusapi.course", "fields": {"name": "Library and Information Science", "ects": null, "created": "2017-10-30T15:07:40.122Z", "modified": "2017-10-30T15:07:41.673Z", "semester": null, "description": "City supervises research students in the subject of Library and Information Science."}}, {"pk": 2818, "model": "csyllabusapi.courseprogram", "fields": {"course": 1087, "program": 39, "created": "2017-10-30T15:07:40.122Z"}}, {"pk": 1087, "model": "csyllabusapi.courseuniversity", "fields": {"course": 1087, "university": 9, "created": "2017-10-30T15:07:40.122Z"}}, {"pk": 1087, "model": "csyllabusapi.course", "fields": {"name": "Library Science", "ects": null, "created": "2017-10-30T15:07:40.122Z", "modified": "2017-10-30T15:07:41.673Z", "semester": null, "description": "Library Science MSc course - Approved by CILIP, this degree is ideal for anyone seeking a career in modern collection based information services."}}, {"pk": 2819, "model": "csyllabusapi.courseprogram", "fields": {"course": 1088, "program": 39, "created": "2017-10-30T15:07:40.122Z"}}, {"pk": 1088, "model": "csyllabusapi.courseuniversity", "fields": {"course": 1088, "university": 9, "created": "2017-10-30T15:07:40.122Z"}}, {"pk": 1088, "model": "csyllabusapi.course", "fields": {"name": "Management of Information Security and Risk: Assurance Cases", "ects": null, "created": "2017-10-30T15:07:40.122Z", "modified": "2017-10-30T15:07:41.673Z", "semester": null, "description": "This CPD Module is taken from the MSc Management of Information Security and Risk based on Assurance Cases on the key concept of claims, arguments and evidence."}}, {"pk": 2820, "model": "csyllabusapi.courseprogram", "fields": {"course": 1089, "program": 39, "created": "2017-10-30T15:07:40.122Z"}}, {"pk": 1089, "model": "csyllabusapi.courseuniversity", "fields": {"course": 1089, "university": 9, "created": "2017-10-30T15:07:40.122Z"}}, {"pk": 1089, "model": "csyllabusapi.course", "fields": {"name": "Management of Information Security and Risk: Executive Development", "ects": null, "created": "2017-10-30T15:07:40.122Z", "modified": "2017-10-30T15:07:41.673Z", "semester": null, "description": "This CPD Module is taken from the MSc Management of Information Security and Risk. This module is designed to develop your ability to meet the challenges in senior IT roles in terms of personal strategies and skills for success in a professional IT environment."}}, {"pk": 2821, "model": "csyllabusapi.courseprogram", "fields": {"course": 1090, "program": 39, "created": "2017-10-30T15:07:40.122Z"}}, {"pk": 1090, "model": "csyllabusapi.courseuniversity", "fields": {"course": 1090, "university": 9, "created": "2017-10-30T15:07:40.122Z"}}, {"pk": 1090, "model": "csyllabusapi.course", "fields": {"name": "Management of Information Security and Risk: Information Leadership", "ects": null, "created": "2017-10-30T15:07:40.122Z", "modified": "2017-10-30T15:07:41.673Z", "semester": null, "description": "This CPD Module is taken from the MSc Management of Information Security and Risk and is devoted to material on the CIO/CTO role."}}, {"pk": 2822, "model": "csyllabusapi.courseprogram", "fields": {"course": 1091, "program": 39, "created": "2017-10-30T15:07:40.122Z"}}, {"pk": 1091, "model": "csyllabusapi.courseuniversity", "fields": {"course": 1091, "university": 9, "created": "2017-10-30T15:07:40.122Z"}}, {"pk": 1091, "model": "csyllabusapi.course", "fields": {"name": "Management of Information Security and Risk: Information Security Management", "ects": null, "created": "2017-10-30T15:07:40.122Z", "modified": "2017-10-30T15:07:41.673Z", "semester": null, "description": "This CPD Module is taken from the MSc Management of Information Security and Risk. This module presents information security from a strategic perspective, giving you the appropriate knowledge and skills to function in executive and managerial roles within organisations."}}, {"pk": 2823, "model": "csyllabusapi.courseprogram", "fields": {"course": 1092, "program": 39, "created": "2017-10-30T15:07:40.122Z"}}, {"pk": 1092, "model": "csyllabusapi.courseuniversity", "fields": {"course": 1092, "university": 9, "created": "2017-10-30T15:07:40.122Z"}}, {"pk": 1092, "model": "csyllabusapi.course", "fields": {"name": "Management of Information Security and Risk: IT Risk and Resilience", "ects": null, "created": "2017-10-30T15:07:40.122Z", "modified": "2017-10-30T15:07:41.673Z", "semester": null, "description": "This CPD Module is taken from the Management of Information Security and Risk MSc based on the sources of risk in IT, provides terminology and causal models for discussing them, and illustrates patterns of resilient design of systems and organisations."}}, {"pk": 2824, "model": "csyllabusapi.courseprogram", "fields": {"course": 1093, "program": 39, "created": "2017-10-30T15:07:40.122Z"}}, {"pk": 1093, "model": "csyllabusapi.courseuniversity", "fields": {"course": 1093, "university": 9, "created": "2017-10-30T15:07:40.122Z"}}, {"pk": 1093, "model": "csyllabusapi.course", "fields": {"name": "Management of Information Security and Risk: IT Risk Management for effective performance and the prevention of fraud, error and disaster", "ects": null, "created": "2017-10-30T15:07:40.122Z", "modified": "2017-10-30T15:07:41.673Z", "semester": null, "description": "This CPD Module is taken from the MSc Management of Information Security and Risk. This module looks at the CIO position and why it needs to relate to the strategy, goals and objectives of the organisation."}}, {"pk": 2825, "model": "csyllabusapi.courseprogram", "fields": {"course": 1094, "program": 39, "created": "2017-10-30T15:07:40.122Z"}}, {"pk": 1094, "model": "csyllabusapi.courseuniversity", "fields": {"course": 1094, "university": 9, "created": "2017-10-30T15:07:40.122Z"}}, {"pk": 1094, "model": "csyllabusapi.course", "fields": {"name": "Management of Information Security and Risk: Quantitative Risk Analysis", "ects": null, "created": "2017-10-30T15:07:40.122Z", "modified": "2017-10-30T15:07:41.673Z", "semester": null, "description": "This CPD Module is taken from the MSc Management of Information Security and Risk. This module provides bases for formulating basic risk decisions in quantitative terms and understanding the meaning and value of statistical and probabilistic methods for analysing risk."}}, {"pk": 2826, "model": "csyllabusapi.courseprogram", "fields": {"course": 1095, "program": 39, "created": "2017-10-30T15:07:40.122Z"}}, {"pk": 1095, "model": "csyllabusapi.courseuniversity", "fields": {"course": 1095, "university": 9, "created": "2017-10-30T15:07:40.122Z"}}, {"pk": 1095, "model": "csyllabusapi.course", "fields": {"name": "Management of Information Security and Risk: Socio-technical Systems", "ects": null, "created": "2017-10-30T15:07:40.122Z", "modified": "2017-10-30T15:07:41.673Z", "semester": null, "description": "This CPD Module is taken from the MSc Management of Information Security and Risk. To understand the effects of IT in organisations, one needs to consider the organisation\u2019s people and its IT component together as a \u201csocio-technical system\u201d."}}, {"pk": 2827, "model": "csyllabusapi.courseprogram", "fields": {"course": 1096, "program": 39, "created": "2017-10-30T15:07:40.122Z"}}, {"pk": 1096, "model": "csyllabusapi.courseuniversity", "fields": {"course": 1096, "university": 9, "created": "2017-10-30T15:07:40.122Z"}}, {"pk": 1096, "model": "csyllabusapi.course", "fields": {"name": "Maritime Operations and Management", "ects": null, "created": "2017-10-30T15:07:40.122Z", "modified": "2017-10-30T15:07:41.673Z", "semester": null, "description": "Maritime Operations And Management MSc course - Approved by the Chartered Institute of IT, this degree develops the skills to manage IT infrastructure."}}, {"pk": 2828, "model": "csyllabusapi.courseprogram", "fields": {"course": 1097, "program": 39, "created": "2017-10-30T15:07:40.122Z"}}, {"pk": 1097, "model": "csyllabusapi.courseuniversity", "fields": {"course": 1097, "university": 9, "created": "2017-10-30T15:07:40.122Z"}}, {"pk": 1097, "model": "csyllabusapi.course", "fields": {"name": "Maritime Operations and Management in Greece", "ects": null, "created": "2017-10-30T15:07:40.122Z", "modified": "2017-10-30T15:07:41.673Z", "semester": null, "description": "Maritime Operations Management in Greece MSc course - Accredited by the Institute of Marine Engineering, Science and Technology."}}, {"pk": 2829, "model": "csyllabusapi.courseprogram", "fields": {"course": 1098, "program": 39, "created": "2017-10-30T15:07:40.122Z"}}, {"pk": 1098, "model": "csyllabusapi.courseuniversity", "fields": {"course": 1098, "university": 9, "created": "2017-10-30T15:07:40.122Z"}}, {"pk": 1098, "model": "csyllabusapi.course", "fields": {"name": "Mathematics", "ects": null, "created": "2017-10-30T15:07:40.122Z", "modified": "2017-10-30T15:07:41.673Z", "semester": null, "description": "The Mathematics BSc (Hons) at City introduces you to advanced mathematical topics, focusing on real-word applications to prepare you for an exciting career."}}, {"pk": 2830, "model": "csyllabusapi.courseprogram", "fields": {"course": 1099, "program": 39, "created": "2017-10-30T15:07:40.122Z"}}, {"pk": 1099, "model": "csyllabusapi.courseuniversity", "fields": {"course": 1099, "university": 9, "created": "2017-10-30T15:07:40.122Z"}}, {"pk": 1099, "model": "csyllabusapi.course", "fields": {"name": "Mathematics and Finance", "ects": null, "created": "2017-10-30T15:07:40.122Z", "modified": "2017-10-30T15:07:41.673Z", "semester": null, "description": "This course combines mathematics with various aspects of finance and economics, and focuses particularly on actuarial science."}}, {"pk": 2831, "model": "csyllabusapi.courseprogram", "fields": {"course": 1100, "program": 39, "created": "2017-10-30T15:07:40.122Z"}}, {"pk": 1100, "model": "csyllabusapi.courseuniversity", "fields": {"course": 1100, "university": 9, "created": "2017-10-30T15:07:40.122Z"}}, {"pk": 1100, "model": "csyllabusapi.course", "fields": {"name": "Mathematics Research Degrees", "ects": null, "created": "2017-10-30T15:07:40.122Z", "modified": "2017-10-30T15:07:41.673Z", "semester": null, "description": "Candidates carry out original research within the Department of Mathematics in the areas of representation theory, mathematical physics and mathematical biology."}}, {"pk": 2832, "model": "csyllabusapi.courseprogram", "fields": {"course": 1101, "program": 39, "created": "2017-10-30T15:07:40.122Z"}}, {"pk": 1101, "model": "csyllabusapi.courseuniversity", "fields": {"course": 1101, "university": 9, "created": "2017-10-30T15:07:40.122Z"}}, {"pk": 1101, "model": "csyllabusapi.course", "fields": {"name": "Mathematics with Finance and Economics", "ects": null, "created": "2017-10-30T15:07:40.122Z", "modified": "2017-10-30T15:07:41.673Z", "semester": null, "description": "Mathematics with Finance and Economics combines mathematics with various aspects of finance and economics and offers a broad range of topics in areas such as financial markets, corporate finance and various kinds of economics."}}, {"pk": 2833, "model": "csyllabusapi.courseprogram", "fields": {"course": 1102, "program": 39, "created": "2017-10-30T15:07:40.122Z"}}, {"pk": 1102, "model": "csyllabusapi.courseuniversity", "fields": {"course": 1102, "university": 9, "created": "2017-10-30T15:07:40.122Z"}}, {"pk": 1102, "model": "csyllabusapi.course", "fields": {"name": "Mechanical and Aeronautical Engineering Foundation Programmes", "ects": null, "created": "2017-10-30T15:07:40.122Z", "modified": "2017-10-30T15:07:41.673Z", "semester": null, "description": "The Foundation course provides a pathway to BEng and MEng degree courses in Mechanical and Aeronautical Engineering."}}, {"pk": 2834, "model": "csyllabusapi.courseprogram", "fields": {"course": 1103, "program": 39, "created": "2017-10-30T15:07:40.122Z"}}, {"pk": 1103, "model": "csyllabusapi.courseuniversity", "fields": {"course": 1103, "university": 9, "created": "2017-10-30T15:07:40.122Z"}}, {"pk": 1103, "model": "csyllabusapi.course", "fields": {"name": "Mechanical Engineering", "ects": null, "created": "2017-10-30T15:07:40.122Z", "modified": "2017-10-30T15:07:41.673Z", "semester": null, "description": "City, University of London's Mechanical Engineering BEng course is designed for students who have an interest in transport, energy, materials, industrial design and the manufacturing of industrial and commercial products."}}, {"pk": 2835, "model": "csyllabusapi.courseprogram", "fields": {"course": 1104, "program": 39, "created": "2017-10-30T15:07:40.122Z"}}, {"pk": 1104, "model": "csyllabusapi.courseuniversity", "fields": {"course": 1104, "university": 9, "created": "2017-10-30T15:07:40.122Z"}}, {"pk": 1104, "model": "csyllabusapi.course", "fields": {"name": "Mechanical Engineering", "ects": null, "created": "2017-10-30T15:07:40.122Z", "modified": "2017-10-30T15:07:41.673Z", "semester": null, "description": "City, University of London's Mechanical Engineering BEng/MEng course is designed for students who have an interest in transport, energy, materials, industrial design and the manufacturing of industrial and commercial products."}}, {"pk": 2836, "model": "csyllabusapi.courseprogram", "fields": {"course": 1105, "program": 39, "created": "2017-10-30T15:07:40.122Z"}}, {"pk": 1105, "model": "csyllabusapi.courseuniversity", "fields": {"course": 1105, "university": 9, "created": "2017-10-30T15:07:40.122Z"}}, {"pk": 1105, "model": "csyllabusapi.course", "fields": {"name": "Mechanical Engineering and Aeronautics", "ects": null, "created": "2017-10-30T15:07:40.122Z", "modified": "2017-10-30T15:07:41.673Z", "semester": null, "description": "Research degrees are available in Aeronautics Engineering, Air Transport Engineering, Air Transport Operation, Safety and Maintenance, Automotive Engineering, Energy Engineering and Mechanical Engineering"}}, {"pk": 2837, "model": "csyllabusapi.courseprogram", "fields": {"course": 1106, "program": 39, "created": "2017-10-30T15:07:40.122Z"}}, {"pk": 1106, "model": "csyllabusapi.courseuniversity", "fields": {"course": 1106, "university": 9, "created": "2017-10-30T15:07:40.122Z"}}, {"pk": 1106, "model": "csyllabusapi.course", "fields": {"name": "Project Management, Finance and Risk", "ects": null, "created": "2017-10-30T15:07:40.122Z", "modified": "2017-10-30T15:07:41.673Z", "semester": null, "description": "Project Management, Finance and Risk MSc course - Develop your project management skills by applying scientific methodology to real-world contexts"}}, {"pk": 2838, "model": "csyllabusapi.courseprogram", "fields": {"course": 1107, "program": 39, "created": "2017-10-30T15:07:40.122Z"}}, {"pk": 1107, "model": "csyllabusapi.courseuniversity", "fields": {"course": 1107, "university": 9, "created": "2017-10-30T15:07:40.122Z"}}, {"pk": 1107, "model": "csyllabusapi.course", "fields": {"name": "Renewable Energy and Power Systems Management", "ects": null, "created": "2017-10-30T15:07:40.122Z", "modified": "2017-10-30T15:07:41.673Z", "semester": null, "description": "Renewable Energy and Power Systems Management MSc course - Accredited by the IET, develop your engineering skills within the renewable energy sector."}}, {"pk": 2839, "model": "csyllabusapi.courseprogram", "fields": {"course": 1108, "program": 39, "created": "2017-10-30T15:07:40.122Z"}}, {"pk": 1108, "model": "csyllabusapi.courseuniversity", "fields": {"course": 1108, "university": 9, "created": "2017-10-30T15:07:40.122Z"}}, {"pk": 1108, "model": "csyllabusapi.course", "fields": {"name": "Seismic design of structures to Eurocode 8", "ects": null, "created": "2017-10-30T15:07:40.122Z", "modified": "2017-10-30T15:07:41.673Z", "semester": null, "description": "2.5-day course targeted at Civil Engineers interested in the seismic design of structures - including buildings, bridges and nuclear structures."}}, {"pk": 2840, "model": "csyllabusapi.courseprogram", "fields": {"course": 1109, "program": 39, "created": "2017-10-30T15:07:40.122Z"}}, {"pk": 1109, "model": "csyllabusapi.courseuniversity", "fields": {"course": 1109, "university": 9, "created": "2017-10-30T15:07:40.122Z"}}, {"pk": 1109, "model": "csyllabusapi.course", "fields": {"name": "Software Engineering", "ects": null, "created": "2017-10-30T15:07:40.122Z", "modified": "2017-10-30T15:07:41.673Z", "semester": null, "description": "Software Engineering MSc course - Accredited by the British Computer Society, enhance your skills for developing high-quality, complex software systems."}}, {"pk": 2841, "model": "csyllabusapi.courseprogram", "fields": {"course": 1110, "program": 39, "created": "2017-10-30T15:07:40.122Z"}}, {"pk": 1110, "model": "csyllabusapi.courseuniversity", "fields": {"course": 1110, "university": 9, "created": "2017-10-30T15:07:40.122Z"}}, {"pk": 1110, "model": "csyllabusapi.course", "fields": {"name": "Structural Engineering", "ects": null, "created": "2017-10-30T15:07:40.122Z", "modified": "2017-10-30T15:07:41.673Z", "semester": null, "description": "The MEng Structural Engineering course is the first of its kind to be offered in London, offering students a path into the industry of design and construction of stable, durable and elegant structures."}}, {"pk": 2842, "model": "csyllabusapi.courseprogram", "fields": {"course": 1111, "program": 39, "created": "2017-10-30T15:07:40.122Z"}}, {"pk": 1111, "model": "csyllabusapi.courseuniversity", "fields": {"course": 1111, "university": 9, "created": "2017-10-30T15:07:40.122Z"}}, {"pk": 1111, "model": "csyllabusapi.course", "fields": {"name": "Temporary Works and Construction Method Engineering", "ects": null, "created": "2017-10-30T15:07:40.122Z", "modified": "2017-10-30T15:07:41.673Z", "semester": null, "description": "Temporary Works and Construction Method Engineering MSc course - A brand new Masters degree focusing on the design and construction of temporary works."}}]