[{"model": "csyllabusapi.country", "pk": 6, "fields": {"name": "Sweden", "img": "", "created": "2017-10-30T15:20:51.049Z", "modified": "2017-10-30T15:20:52.235Z"}}, {"model": "csyllabusapi.city", "pk": 10, "fields": {"name": "V\u00e4ster\u00e5s", "img": "", "created": "2017-10-30T15:20:51.049Z", "modified": "2017-10-30T15:20:52.235Z", "country": 6}}, {"model": "csyllabusapi.university", "pk": 7, "fields": {"name": "M\u00e4lardalens h\u00f6gskola", "img": "", "created": "2017-10-30T15:05:19.541Z", "modified": "2017-10-30T15:05:20.945Z", "country": 6, "city": 10}}, {"model": "csyllabusapi.program", "pk": 37, "fields": {"name": "Computer Science and Engineering", "study_level": "undergraduate", "created": "2017-10-30T15:07:40.122Z", "modified": "2017-10-30T15:07:41.673Z"}}, {"model": "csyllabusapi.programuniversity", "pk": 37, "fields": {"university": 7, "program": 37, "created": "2017-10-30T15:07:40.122Z"}}, {"model": "csyllabusapi.programcity", "pk": 37, "fields": {"city": 10, "program": 37, "created": "2017-10-30T15:07:40.122Z"}}, {"model": "csyllabusapi.programcountry", "pk": 37, "fields": {"country": 6, "program": 37, "created": "2017-10-30T15:07:40.122Z"}}, {"model": "csyllabusapi.courseprogram", "pk": 2424, "fields": {"course": 693, "program": 37, "created": "2017-10-30T15:07:40.122Z"}}, {"model": "csyllabusapi.courseuniversity", "pk": 2662, "fields": {"course": 693, "university": 7, "created": "2017-10-30T15:07:40.122Z"}}, {"model": "csyllabusapi.course", "pk": 693, "fields": {"name": "A", "description": "Artificial intelligence is a young science studying not only how we think but also how we build robots, cars, spaceships intelligent. This course will enable you to grasp the basic theory and techniques in designing and building intelligence. The content of the course consists of knowledge representation, logical reasoning, search and planning, as well as decision making under uncertainty. The course is well suited for Robotics program but also suitable for many other study profiles.", "ects": "7", "semester": null, "created": "2017-10-30T15:07:40.122Z", "modified": "2017-10-30T15:07:41.673Z"}}, {"model": "csyllabusapi.courseprogram", "pk": 2425, "fields": {"course": 694, "program": 37, "created": "2017-10-30T15:07:40.122Z"}}, {"model": "csyllabusapi.courseuniversity", "pk": 2663, "fields": {"course": 694, "university": 7, "created": "2017-10-30T15:07:40.122Z"}}, {"model": "csyllabusapi.course", "pk": 694, "fields": {"name": "C", "description": "In the rapid development of both computers and networks, there is an\u00a0increasing\u00a0need for people with knowledge in these areas.\u00a0This course will provide a basic theoretical and practical knowledge in the art of configuring and securing computer networks and create simpler topologies. It will prepare you for\u00a0Cisco Certified Entry Networking Technician (CCENT) certificate and if you also read\u00a0Computer Networks II, distance course you will be prepared for\u00a0Cisco Certified Network Associate (CCNA) certificate.", "ects": "7", "semester": null, "created": "2017-10-30T15:07:40.122Z", "modified": "2017-10-30T15:07:41.673Z"}}, {"model": "csyllabusapi.courseprogram", "pk": 2426, "fields": {"course": 695, "program": 37, "created": "2017-10-30T15:07:40.122Z"}}, {"model": "csyllabusapi.courseuniversity", "pk": 2664, "fields": {"course": 695, "university": 7, "created": "2017-10-30T15:07:40.122Z"}}, {"model": "csyllabusapi.course", "pk": 695, "fields": {"name": "C", "description": "In the rapid development of both computers and networks, there is an\u00a0increasing\u00a0need for people with knowledge in these areas.\u00a0This course will provide a basic theoretical and practical knowledge in the art of configuring and securing computer networks and create simpler topologies. It will prepare you for\u00a0Cisco Certified Entry Networking Technician (CCENT) certificate and if you also read\u00a0Computer Networks II, distance course you will be prepared for\u00a0Cisco Certified Network Associate (CCNA) certificate.", "ects": "7", "semester": null, "created": "2017-10-30T15:07:40.122Z", "modified": "2017-10-30T15:07:41.673Z"}}, {"model": "csyllabusapi.courseprogram", "pk": 2427, "fields": {"course": 696, "program": 37, "created": "2017-10-30T15:07:40.122Z"}}, {"model": "csyllabusapi.courseuniversity", "pk": 2665, "fields": {"course": 696, "university": 7, "created": "2017-10-30T15:07:40.122Z"}}, {"model": "csyllabusapi.course", "pk": 696, "fields": {"name": "C", "description": "In the rapid development of both computers and networks, there is an\u00a0increasing\u00a0need for people with knowledge in these areas.\u00a0This course will provide a detailed theoretical and practical knowledge in the art of configuring and securing computer networks and create network topologies. It will, together with\u00a0Computer Networks I, distance course\u00a0prepare you for\u00a0Cisco Certified Network Associate (CCNA) certificate.", "ects": "7", "semester": null, "created": "2017-10-30T15:07:40.122Z", "modified": "2017-10-30T15:07:41.673Z"}}, {"model": "csyllabusapi.courseprogram", "pk": 2428, "fields": {"course": 697, "program": 37, "created": "2017-10-30T15:07:40.122Z"}}, {"model": "csyllabusapi.courseuniversity", "pk": 2666, "fields": {"course": 697, "university": 7, "created": "2017-10-30T15:07:40.122Z"}}, {"model": "csyllabusapi.course", "pk": 697, "fields": {"name": "C", "description": "In the rapid development of both computers and networks, there is an\u00a0increasing\u00a0need for people with knowledge in these areas.\u00a0This course will provide a detailed theoretical and practical knowledge in the art of configuring and securing computer networks and create network topologies. It will, together with\u00a0Computer Networks I, distance course\u00a0prepare you for\u00a0Cisco Certified Network Associate (CCNA) certificate.", "ects": "7", "semester": null, "created": "2017-10-30T15:07:40.122Z", "modified": "2017-10-30T15:07:41.673Z"}}, {"model": "csyllabusapi.courseprogram", "pk": 2429, "fields": {"course": 698, "program": 37, "created": "2017-10-30T15:07:40.122Z"}}, {"model": "csyllabusapi.courseuniversity", "pk": 2667, "fields": {"course": 698, "university": 7, "created": "2017-10-30T15:07:40.122Z"}}, {"model": "csyllabusapi.course", "pk": 698, "fields": {"name": "C", "description": "A computer scientist/engineer or anyone who uses programming in their jobs must have a good understanding of the underlying hardware and its relation with the software running on it. Understanding the inner-workings of a modern microprocessor, its functions and connection between hardware and software is the key to develop programs that are optimized for performance, cost and energy/environment. The course focuses on high performance architecture and memory systems and also multiprocessors and parallel computing hardware. It serves both as an advanced course for more advanced study and as a broad overview of the field of computer architecture.", "ects": "7", "semester": null, "created": "2017-10-30T15:07:40.122Z", "modified": "2017-10-30T15:07:41.673Z"}}, {"model": "csyllabusapi.courseprogram", "pk": 2430, "fields": {"course": 699, "program": 37, "created": "2017-10-30T15:07:40.122Z"}}, {"model": "csyllabusapi.courseuniversity", "pk": 2668, "fields": {"course": 699, "university": 7, "created": "2017-10-30T15:07:40.122Z"}}, {"model": "csyllabusapi.course", "pk": 699, "fields": {"name": "D", "description": "The purpose of the course is to provide participants with the fundamental principles of", "ects": "7", "semester": null, "created": "2017-10-30T15:07:40.122Z", "modified": "2017-10-30T15:07:41.673Z"}}, {"model": "csyllabusapi.courseprogram", "pk": 2431, "fields": {"course": 700, "program": 37, "created": "2017-10-30T15:07:40.122Z"}}, {"model": "csyllabusapi.courseuniversity", "pk": 2669, "fields": {"course": 700, "university": 7, "created": "2017-10-30T15:07:40.122Z"}}, {"model": "csyllabusapi.course", "pk": 700, "fields": {"name": "D", "description": "The course is project-based, where students from three universities work together in a project in a distributed environment. Groups are made of 5-8 students working together. The project work includes requirements specification, design and implementation of a software system, and the presentation of the project status and final results. The course uses a videoconference system for joined lectures, seminars and presentations, and other means for distributed communication. The course represents a unique opportunity for students to experience and learn how to cooperate in a real geographically distributed environment.", "ects": "7", "semester": null, "created": "2017-10-30T15:07:40.122Z", "modified": "2017-10-30T15:07:41.673Z"}}, {"model": "csyllabusapi.courseprogram", "pk": 2432, "fields": {"course": 701, "program": 37, "created": "2017-10-30T15:07:40.122Z"}}, {"model": "csyllabusapi.courseuniversity", "pk": 2670, "fields": {"course": 701, "university": 7, "created": "2017-10-30T15:07:40.122Z"}}, {"model": "csyllabusapi.course", "pk": 701, "fields": {"name": "F", "description": "Formal Languages, Automata and Theory of Computation provides an insight into theoretical foundations of artificial languages, automata and theory of computation - topics that appear in various disguises in every branch of computer science.", "ects": "7", "semester": null, "created": "2017-10-30T15:07:40.122Z", "modified": "2017-10-30T15:07:41.673Z"}}, {"model": "csyllabusapi.courseprogram", "pk": 2433, "fields": {"course": 702, "program": 37, "created": "2017-10-30T15:07:40.122Z"}}, {"model": "csyllabusapi.courseuniversity", "pk": 2671, "fields": {"course": 702, "university": 7, "created": "2017-10-30T15:07:40.122Z"}}, {"model": "csyllabusapi.course", "pk": 702, "fields": {"name": "E", "description": "This course extends the Embedded Systems I course, which focuses on state-of-the-practice (SOTP), with a deeper theoretical knowledge, i.e., state-of-the-art (SOTA) methodology, for developing embedded systems. It starts by introducing the problems and the limitations of SOTP used today in industrial systems, and presents available theory and tool support to address those problems. Some of the advanced methods covered in this course are developed and mostly used in the academic domain, but they are expected to be used in industrial systems in a near future. The course contents include, but it is not limited to, advanced theory for distributed real-time systems, formal methods for functional and temporal verification, such as schedulability analysis, hazard analysis, fault tolerance, as well as advanced tool support for development of complex embedded systems.", "ects": "7", "semester": null, "created": "2017-10-30T15:07:40.122Z", "modified": "2017-10-30T15:07:41.673Z"}}, {"model": "csyllabusapi.courseprogram", "pk": 2434, "fields": {"course": 703, "program": 37, "created": "2017-10-30T15:07:40.122Z"}}, {"model": "csyllabusapi.courseuniversity", "pk": 2672, "fields": {"course": 703, "university": 7, "created": "2017-10-30T15:07:40.122Z"}}, {"model": "csyllabusapi.course", "pk": 703, "fields": {"name": "I", "description": "The purpose of the course is that students will develop and expand their knowledge of processes, methods and techniques in computer science. The course will provide knowledge of how to plan, carry out and present an independent improvement work related to their own company\u2019s problem and project model in software engineering. This course is suitable for people working in the development of complex technical systems where software plays a key role and are interested in learning more on how to run change projects in their organization.", "ects": "7", "semester": null, "created": "2017-10-30T15:07:40.122Z", "modified": "2017-10-30T15:07:41.673Z"}}, {"model": "csyllabusapi.courseprogram", "pk": 2435, "fields": {"course": 704, "program": 37, "created": "2017-10-30T15:07:40.122Z"}}, {"model": "csyllabusapi.courseuniversity", "pk": 2673, "fields": {"course": 704, "university": 7, "created": "2017-10-30T15:07:40.122Z"}}, {"model": "csyllabusapi.course", "pk": 704, "fields": {"name": "I", "description": "Cloud Computing represents a paradigm shift in computing services. With its increased influence in information industry, it has become part of the mandatory skillsets for professionals.", "ects": "7", "semester": null, "created": "2017-10-30T15:07:40.122Z", "modified": "2017-10-30T15:07:41.673Z"}}, {"model": "csyllabusapi.courseprogram", "pk": 2436, "fields": {"course": 705, "program": 37, "created": "2017-10-30T15:07:40.122Z"}}, {"model": "csyllabusapi.courseuniversity", "pk": 2674, "fields": {"course": 705, "university": 7, "created": "2017-10-30T15:07:40.122Z"}}, {"model": "csyllabusapi.course", "pk": 705, "fields": {"name": "I", "description": "The purpose of the course is to provide the required background to deeply understand the problems behind the design of an industrial robot. The course will provide analytical methods and guidelines to design and control most of the existing classes of industrial robots. Examples from the industrial field will be provided to make direct connection with the real applications on the market. After completed the course, the student will be able to model an industrial manipulator as a serial/parallel kinematic chain, analyze the workspace, develop the robot dynamical model, perform motion planning in the joint and operational space and simulate it in 3D environment.", "ects": "7", "semester": null, "created": "2017-10-30T15:07:40.122Z", "modified": "2017-10-30T15:07:41.673Z"}}, {"model": "csyllabusapi.courseprogram", "pk": 2437, "fields": {"course": 706, "program": 37, "created": "2017-10-30T15:07:40.122Z"}}, {"model": "csyllabusapi.courseuniversity", "pk": 2675, "fields": {"course": 706, "university": 7, "created": "2017-10-30T15:07:40.122Z"}}, {"model": "csyllabusapi.course", "pk": 706, "fields": {"name": "I", "description": "There are several algorithms in Artificial intelligence that solves various types of problems. In this course we will discuss how they can be implemented in software and hardware. We will also address the problem of choosing right algorithm for a given problem and integrate it into a system in an efficient way.", "ects": "7", "semester": null, "created": "2017-10-30T15:07:40.122Z", "modified": "2017-10-30T15:07:41.673Z"}}, {"model": "csyllabusapi.courseprogram", "pk": 2438, "fields": {"course": 707, "program": 37, "created": "2017-10-30T15:07:40.122Z"}}, {"model": "csyllabusapi.courseuniversity", "pk": 2676, "fields": {"course": 707, "university": 7, "created": "2017-10-30T15:07:40.122Z"}}, {"model": "csyllabusapi.course", "pk": 707, "fields": {"name": "C", "description": "The course gives an insight in the most commonly used software component technologies, such as Component Object Model, Enterprise JavaBeans, CORBA Component Model and .NET. You will train yourself to analyze, summarize, and exemplify relevant information about a given problem area. Teaching and evaluation methods include hands-on exercises, written reports with peer reviews, and a larger project. There is no written exam and participation in exercises, reports/reviews, and the project is mandatory.", "ects": "7", "semester": null, "created": "2017-10-30T15:07:40.122Z", "modified": "2017-10-30T15:07:41.673Z"}}, {"model": "csyllabusapi.courseprogram", "pk": 2439, "fields": {"course": 708, "program": 37, "created": "2017-10-30T15:07:40.122Z"}}, {"model": "csyllabusapi.courseuniversity", "pk": 2677, "fields": {"course": 708, "university": 7, "created": "2017-10-30T15:07:40.122Z"}}, {"model": "csyllabusapi.course", "pk": 708, "fields": {"name": "Q", "description": "Model-based testing is a systematic method to automatically generate test cases from models of system requirements. It allows you to evaluate requirements, create a model and generate automatically test cases. After this course you should be able to have knowledge about writing requirements and use these to create models for software testing. You will develop practical skills and abilities on applying model-based testing in industrial practice. You will learn how to use different kinds of modeling techniques. You will be able to use this new knowledge to design requirement models and automate test cases during unit and integration testing. In addition, as a test practitioner you will learn how to design test cases using models at system level.", "ects": "2", "semester": null, "created": "2017-10-30T15:07:40.122Z", "modified": "2017-10-30T15:07:41.673Z"}}, {"model": "csyllabusapi.courseprogram", "pk": 2440, "fields": {"course": 709, "program": 37, "created": "2017-10-30T15:07:40.122Z"}}, {"model": "csyllabusapi.courseuniversity", "pk": 2678, "fields": {"course": 709, "university": 7, "created": "2017-10-30T15:07:40.122Z"}}, {"model": "csyllabusapi.course", "pk": 709, "fields": {"name": "Q", "description": "Changes to software under test are unavoidable. Such changes and their side effects must be well tested, without re-running all tests. Moreover, in general, testing cost is well known, therefore faults must be detected early by focusing testing efforts on fault-prone parts. The participants in the course will learn about regression test selection and software fault prediction techniques. Effective regression test selection techniques will reduce cost of implementing modifications to software under test. Software fault prediction part of the course is about focusing test efforts on more fault-prone parts of the software where maximum return on investing test resources can be achieved. Overall, this course is about using techniques that make software testing more efficient and effective.", "ects": "2", "semester": null, "created": "2017-10-30T15:07:40.122Z", "modified": "2017-10-30T15:07:41.673Z"}}, {"model": "csyllabusapi.courseprogram", "pk": 2441, "fields": {"course": 710, "program": 37, "created": "2017-10-30T15:07:40.122Z"}}, {"model": "csyllabusapi.courseuniversity", "pk": 2679, "fields": {"course": 710, "university": 7, "created": "2017-10-30T15:07:40.122Z"}}, {"model": "csyllabusapi.course", "pk": 710, "fields": {"name": "Q", "description": "The aim of the course is to introduce the participants into methods and tools for verifying systems that need to react to external stimuli. The methods use system models with precise formal semantics and will span model-checking as well as deductive verification. A set of simple examples as well as real-world applications will be used throughout the course to illustrate the methods and their tool support. The objective of the course is to understand the underpinning theories of formal verification, and learn how to apply tool support in order to verify system models.", "ects": "7", "semester": null, "created": "2017-10-30T15:07:40.122Z", "modified": "2017-10-30T15:07:41.673Z"}}, {"model": "csyllabusapi.courseprogram", "pk": 2442, "fields": {"course": 711, "program": 37, "created": "2017-10-30T15:07:40.122Z"}}, {"model": "csyllabusapi.courseuniversity", "pk": 2680, "fields": {"course": 711, "university": 7, "created": "2017-10-30T15:07:40.122Z"}}, {"model": "csyllabusapi.course", "pk": 711, "fields": {"name": "L", "description": "An important trend today is systems and functionality that can learn, improve and adapt to changing environments. In this course you will study important techniques that enable computer programs to improve automatically through experience. The course covers decision trees, artificial neural nets, evolutionary computation, fuzzy systems, probabilistic learning, and reinforcement learning. The course is well connected to Robotics, Computer Science, and Intelligent Embedded Systems programs.", "ects": "7", "semester": null, "created": "2017-10-30T15:07:40.122Z", "modified": "2017-10-30T15:07:41.673Z"}}, {"model": "csyllabusapi.courseprogram", "pk": 2443, "fields": {"course": 712, "program": 37, "created": "2017-10-30T15:07:40.122Z"}}, {"model": "csyllabusapi.courseuniversity", "pk": 2681, "fields": {"course": 712, "university": 7, "created": "2017-10-30T15:07:40.122Z"}}, {"model": "csyllabusapi.course", "pk": 712, "fields": {"name": "M", "description": "Today with the fast development of digital technologies and advance communications a gigantic amount of data sets with complex structures called \u2018Big data\u2019 is being produced everyday enormously and exponentially. The aim of the course is to give the students insights in fundamental concepts of machine learning with big data as well as recent research trends in the domain. The students will learn about problems and industrial challenges out of several case studies in the domain. Further, the students will learn to use tools to develop systems using machine-learning algorithms in big data.", "ects": "7", "semester": null, "created": "2017-10-30T15:07:40.122Z", "modified": "2017-10-30T15:07:41.673Z"}}, {"model": "csyllabusapi.courseprogram", "pk": 2444, "fields": {"course": 713, "program": 37, "created": "2017-10-30T15:07:40.122Z"}}, {"model": "csyllabusapi.courseuniversity", "pk": 2682, "fields": {"course": 713, "university": 7, "created": "2017-10-30T15:07:40.122Z"}}, {"model": "csyllabusapi.course", "pk": 713, "fields": {"name": "M", "description": "The ever growing complexity of modern software systems requires appropriate methodologies to deal with their intricacies. However, the most widespread development approaches are basically the same as 20 years ago, that is the application implementation is written by hand as source code in some programming language. This course provides the students with a more advanced approach to software development: no focus on source code anymore, models are promoted as first-class artefacts and used to design the system, verify and validate its correctness, and automatically generate the implementation code. The participants will become familiar with the basic concepts behind modelling, the latest techniques to design custom modelling languages and to transform models both to other models to perform analyses and to source code to automatically generate the application implementation.", "ects": "7", "semester": null, "created": "2017-10-30T15:07:40.122Z", "modified": "2017-10-30T15:07:41.673Z"}}, {"model": "csyllabusapi.courseprogram", "pk": 2445, "fields": {"course": 714, "program": 37, "created": "2017-10-30T15:07:40.122Z"}}, {"model": "csyllabusapi.courseuniversity", "pk": 2683, "fields": {"course": 714, "university": 7, "created": "2017-10-30T15:07:40.122Z"}}, {"model": "csyllabusapi.course", "pk": 714, "fields": {"name": "M", "description": "The purpose of the course is to provide participants with the principles behind model-driven development of software systems and the\u00a0 application of such a methodology in practice. Modelling is an effective solution to reduce problem complexity and, as a consequence, to enhance time-to-market and properties of the final product.", "ects": "7", "semester": null, "created": "2017-10-30T15:07:40.122Z", "modified": "2017-10-30T15:07:41.673Z"}}, {"model": "csyllabusapi.courseprogram", "pk": 2446, "fields": {"course": 715, "program": 37, "created": "2017-10-30T15:07:40.122Z"}}, {"model": "csyllabusapi.courseuniversity", "pk": 2684, "fields": {"course": 715, "university": 7, "created": "2017-10-30T15:07:40.122Z"}}, {"model": "csyllabusapi.course", "pk": 715, "fields": {"name": "P", "description": "With the emerging use of multi-core processors in today\u00b4s computers it is very important for software developers to understand and master different forms of parallelism. The course will cover different types of parallel programming languages, parallel algorithms, and parallel hardware, and how these concepts interact with each other. Special focus will be given on how to write parallel software which makes use of underlying parallel hardware in an efficient and scalable way.", "ects": "7", "semester": null, "created": "2017-10-30T15:07:40.122Z", "modified": "2017-10-30T15:07:41.673Z"}}, {"model": "csyllabusapi.courseprogram", "pk": 2447, "fields": {"course": 716, "program": 37, "created": "2017-10-30T15:07:40.122Z"}}, {"model": "csyllabusapi.courseuniversity", "pk": 2685, "fields": {"course": 716, "university": 7, "created": "2017-10-30T15:07:40.122Z"}}, {"model": "csyllabusapi.course", "pk": 716, "fields": {"name": "A", "description": "The web is emerging as a powerful application platform. While bringing unparalleled possibilities for collaboration unhampered by physical location or device choice, the distributed, always-online nature of a web application leaves it open for attack. Using the most common web application and web service vulnerabilities as the setting, this course teaches how to identify, analyze and protect against attacks. Many of the attacks discussed in the course are instances of universal attack classes, where other instances have similar attack vectors and protection mechanisms.", "ects": "5", "semester": null, "created": "2017-10-30T15:07:40.122Z", "modified": "2017-10-30T15:07:41.673Z"}}, {"model": "csyllabusapi.courseprogram", "pk": 2448, "fields": {"course": 717, "program": 37, "created": "2017-10-30T15:07:40.122Z"}}, {"model": "csyllabusapi.courseuniversity", "pk": 2686, "fields": {"course": 717, "university": 7, "created": "2017-10-30T15:07:40.122Z"}}, {"model": "csyllabusapi.course", "pk": 717, "fields": {"name": "S", "description": "The aim of the course is to equip the students with theoretical knowledge needed to work as a software engineer, and explains development models and project management, requirements engineering, and what software quality means. The course also covers software architecture, design and implementation, and includes practical exercises in important graphical and textual notations, and report writing.", "ects": "7", "semester": null, "created": "2017-10-30T15:07:40.122Z", "modified": "2017-10-30T15:07:41.673Z"}}, {"model": "csyllabusapi.courseprogram", "pk": 2449, "fields": {"course": 718, "program": 37, "created": "2017-10-30T15:07:40.122Z"}}, {"model": "csyllabusapi.courseuniversity", "pk": 2687, "fields": {"course": 718, "university": 7, "created": "2017-10-30T15:07:40.122Z"}}, {"model": "csyllabusapi.course", "pk": 718, "fields": {"name": "S", "description": "In this course, students will work in project teams to go through a whole software engineering project, including meeting the customer, and planning and managing the project. You will select tools and programming languages based on the project requirements. You will architect and design the system, implement and finally verify it. To succeed, you will need to divide the work within the project group and be communicative. The course also gives practical experience in documenting all these activities.", "ects": "7", "semester": null, "created": "2017-10-30T15:07:40.122Z", "modified": "2017-10-30T15:07:41.673Z"}}, {"model": "csyllabusapi.courseprogram", "pk": 2450, "fields": {"course": 719, "program": 37, "created": "2017-10-30T15:07:40.122Z"}}, {"model": "csyllabusapi.courseuniversity", "pk": 2688, "fields": {"course": 719, "university": 7, "created": "2017-10-30T15:07:40.122Z"}}, {"model": "csyllabusapi.course", "pk": 719, "fields": {"name": "S", "description": "The course aims to extend and deepen your knowledge, understanding and skills within software engineering. This will prepare you for taking on more responsible roles in software development projects and for conducting Master thesis projects in software engineering. The main topics of the course are software architecture, software development methods, and software engineering research. Teaching and evaluation methods include laboratory assignments, seminars with oral presentations, and group exercises. There is no written exam and participation in assignments, seminars, and exercises is mandatory.", "ects": "7", "semester": null, "created": "2017-10-30T15:07:40.122Z", "modified": "2017-10-30T15:07:41.673Z"}}, {"model": "csyllabusapi.courseprogram", "pk": 2451, "fields": {"course": 720, "program": 37, "created": "2017-10-30T15:07:40.122Z"}}, {"model": "csyllabusapi.courseuniversity", "pk": 2689, "fields": {"course": 720, "university": 7, "created": "2017-10-30T15:07:40.122Z"}}, {"model": "csyllabusapi.course", "pk": 720, "fields": {"name": "S", "description": "Testing is widely considered to be a heavyweight, but still under-prioritized activity in software and systems development. This course provides an understanding of the fundamental problems, as well as practical methods and tools for a systematic state-of-the-art approach to software testing.", "ects": "7", "semester": null, "created": "2017-10-30T15:07:40.122Z", "modified": "2017-10-30T15:07:41.673Z"}}, {"model": "csyllabusapi.courseprogram", "pk": 2452, "fields": {"course": 721, "program": 37, "created": "2017-10-30T15:07:40.122Z"}}, {"model": "csyllabusapi.courseuniversity", "pk": 2690, "fields": {"course": 721, "university": 7, "created": "2017-10-30T15:07:40.122Z"}}, {"model": "csyllabusapi.course", "pk": 721, "fields": {"name": "P", "description": "This course has the objective to apply professional project methodology on a project relevant to the field, and hence provide a deeper knowledge of embedded systems development. The work includes specification and analysis of the problem, searching for similar and related works in practices and research, providing a solution on a modeling and implementation level, and presenting the obtained results both in speech and writing. The course in performed in a project form, with a smaller group of students per project. The larger part of the course is an independent group work, guided by a supervisor appointed to each group. All projects are guaranteed to be within the field of embedded systems, but the exact contents of the projects is subject to change for each year, and it will be presented to the students at the beginning of the course.", "ects": "7", "semester": null, "created": "2017-10-30T15:07:40.122Z", "modified": "2017-10-30T15:07:41.673Z"}}, {"model": "csyllabusapi.courseprogram", "pk": 2453, "fields": {"course": 722, "program": 37, "created": "2017-10-30T15:07:40.122Z"}}, {"model": "csyllabusapi.courseuniversity", "pk": 2691, "fields": {"course": 722, "university": 7, "created": "2017-10-30T15:07:40.122Z"}}, {"model": "csyllabusapi.course", "pk": 722, "fields": {"name": "P", "description": "", "ects": "1", "semester": null, "created": "2017-10-30T15:07:40.122Z", "modified": "2017-10-30T15:07:41.673Z"}}, {"model": "csyllabusapi.courseprogram", "pk": 2454, "fields": {"course": 723, "program": 37, "created": "2017-10-30T15:07:40.122Z"}}, {"model": "csyllabusapi.courseuniversity", "pk": 2692, "fields": {"course": 723, "university": 7, "created": "2017-10-30T15:07:40.122Z"}}, {"model": "csyllabusapi.course", "pk": 723, "fields": {"name": "S", "description": "Software is nowadays used to realize advanced functionality in different types of systems.", "ects": "6", "semester": null, "created": "2017-10-30T15:07:40.122Z", "modified": "2017-10-30T15:07:41.673Z"}}, {"model": "csyllabusapi.courseprogram", "pk": 2455, "fields": {"course": 724, "program": 37, "created": "2017-10-30T15:07:40.122Z"}}, {"model": "csyllabusapi.courseuniversity", "pk": 2693, "fields": {"course": 724, "university": 7, "created": "2017-10-30T15:07:40.122Z"}}, {"model": "csyllabusapi.course", "pk": 724, "fields": {"name": "S", "description": "In this course a 'Safety Case' for an industry related application such as e.g., a break-by-wire system, will be built. A Safety Case is a requirement in many safety standards. It is a documented body of evidence that provides a convincing and valid argument that a system is adequately safe for a given application in a given environment. To enable argumentation about adequate safety as well as to document safety cases, topics such as e.g., 'dependability concepts', 'safety critical processes', 'certification', 'hazard analysis', 'FTA/FMEA', 'process-based vs. product-based arguments for safety cases argumentation', 'textual vs. graphical argumentation', 'modular and pattern-based argumentation using GSN (Goal Structuring Notation)', 'taxonomy of common fallacies in argumentation' and standards such as e.g., 'ISO 26262' will be covered.", "ects": "7", "semester": null, "created": "2017-10-30T15:07:40.122Z", "modified": "2017-10-30T15:07:41.673Z"}}, {"model": "csyllabusapi.courseprogram", "pk": 2456, "fields": {"course": 725, "program": 37, "created": "2017-10-30T15:07:40.122Z"}}, {"model": "csyllabusapi.courseuniversity", "pk": 2694, "fields": {"course": 725, "university": 7, "created": "2017-10-30T15:07:40.122Z"}}, {"model": "csyllabusapi.course", "pk": 725, "fields": {"name": "A", "description": "There are several algorithms in Artificial Intelligence, e.g. machine learning that solve various types of problems. In this course, we will discuss how they can be implemented and used in a specific problem. We will also address the problem of choosing right algorithm for a given problem and integrate it into a system in an efficient way.", "ects": "1", "semester": null, "created": "2017-10-30T15:07:40.122Z", "modified": "2017-10-30T15:07:41.673Z"}}, {"model": "csyllabusapi.courseprogram", "pk": 2457, "fields": {"course": 726, "program": 37, "created": "2017-10-30T15:07:40.122Z"}}, {"model": "csyllabusapi.courseuniversity", "pk": 2695, "fields": {"course": 726, "university": 7, "created": "2017-10-30T15:07:40.122Z"}}, {"model": "csyllabusapi.course", "pk": 726, "fields": {"name": "U", "description": "The course provides an opportunity to develop skill in experience design and design", "ects": "7", "semester": null, "created": "2017-10-30T15:07:40.122Z", "modified": "2017-10-30T15:07:41.673Z"}}, {"model": "csyllabusapi.courseprogram", "pk": 2458, "fields": {"course": 727, "program": 37, "created": "2017-10-30T15:07:40.122Z"}}, {"model": "csyllabusapi.courseuniversity", "pk": 2696, "fields": {"course": 727, "university": 7, "created": "2017-10-30T15:07:40.122Z"}}, {"model": "csyllabusapi.course", "pk": 727, "fields": {"name": "I", "description": "Industrial software development has to deal not only with the complexity of the application as is, but must also take into account external factors, notably revenue, product research, customer satisfaction, and so on. In this respect, industrial practices are very often the result of years of adaptations and optimizations of state-of-the-art solutions devoted to make the development process effective. This course provides the students with real-world industrial systems development experiences. In particular, the course focuses on the general issues arising in the development of such systems, and proposes specific cases as presented by industrial guest lecturers.", "ects": "7", "semester": null, "created": "2017-10-30T15:07:40.122Z", "modified": "2017-10-30T15:07:41.673Z"}}, {"model": "csyllabusapi.courseprogram", "pk": 2459, "fields": {"course": 728, "program": 37, "created": "2017-10-30T15:07:40.122Z"}}, {"model": "csyllabusapi.courseuniversity", "pk": 2697, "fields": {"course": 728, "university": 7, "created": "2017-10-30T15:07:40.122Z"}}, {"model": "csyllabusapi.course", "pk": 728, "fields": {"name": "S", "description": "The focus of this course will be on software testing. A variety of test techniques will be covered along with applicability aspects as well as the bindings on software reliability modeling. The course includes Introduction to Software verification and Validation, Software Testing overview and classifications, Functional (black box) testing, Structural (white box) testing, Integration testing, Mutation testing, Model-based testing and Test case generation, Software reliability modeling together with bindings on testing, Overview of testing process, testing tools and automation. The contents will reflect latest research topics as well as industrial practices. Guest lectures by industrial experts will be the highlight of this course.", "ects": "7", "semester": null, "created": "2017-10-30T15:07:40.122Z", "modified": "2017-10-30T15:07:41.673Z"}}, {"model": "csyllabusapi.courseprogram", "pk": 2460, "fields": {"course": 729, "program": 37, "created": "2017-10-30T15:07:40.122Z"}}, {"model": "csyllabusapi.courseuniversity", "pk": 2698, "fields": {"course": 729, "university": 7, "created": "2017-10-30T15:07:40.122Z"}}, {"model": "csyllabusapi.course", "pk": 729, "fields": {"name": "S", "description": "The purpose of the course is to raise the students\u2019 scientific awareness and knowledge of methods used in computer science research. The course introduces students to basic concepts in the philosophy of science, and gives an overview of different research methods in science and technology, especially those in computer science. A central part of the course handles scientific writing. Important skills like searching for sources, writing, reviewing, presenting, and opposing scientific papers are trained. Students will write an own paper, connecting their everyday work with relevant issues in science and research, thereby improving their scientific awareness, knowledge and skill.", "ects": "7", "semester": null, "created": "2017-10-30T15:07:40.122Z", "modified": "2017-10-30T15:07:41.673Z"}}]